0.0,0.0,0.0,0.0,0.0,0.0
0.0,3395.0,0.0,0.0,0.0,601.0
0.0,3395.0,0.0,0.0,0.0,601.0
0.0,3395.0,0.0,0.0,0.0,601.0
0.0,3395.0,0.0,0.0,0.0,601.0
0.0,3427.0,0.0,0.0,0.0,601.0
0.0,3447.0,0.0,0.0,0.0,601.0
0.0,3456.0,0.0,0.0,0.0,601.0
0.0,3466.0,0.0,0.0,0.0,601.0
0.0,3473.0,0.0,0.0,0.0,601.0
0.0,3478.0,0.0,0.0,0.0,601.0
0.0,3485.0,0.0,0.0,0.0,601.0
0.0,3491.0,0.0,0.0,0.0,601.0
0.0,3497.0,0.0,0.0,0.0,601.0
0.0,3501.0,0.0,0.0,0.0,601.0
0.0,3509.0,0.0,0.0,0.0,601.0
0.0,3515.0,0.0,0.0,0.0,601.0
0.0,3519.0,0.0,0.0,0.0,601.0
0.0,3527.0,0.0,0.0,0.0,601.0
0.0,3536.0,0.0,0.0,0.0,601.0
0.0,3545.0,0.0,0.0,0.0,601.0
0.0,3554.0,0.0,0.0,0.0,601.0
0.0,3564.0,0.0,0.0,0.0,601.0
0.0,3579.0,0.0,0.0,0.0,601.0
0.0,3608.0,0.0,0.0,0.0,601.0
0.0,3624.0,0.0,0.0,0.0,601.0
0.0,3639.0,0.0,0.0,0.0,601.0
0.0,3649.0,0.0,0.0,0.0,601.0
0.0,3662.0,0.0,0.0,0.0,601.0
0.0,3677.0,0.0,0.0,0.0,601.0
0.0,3686.0,0.0,0.0,0.0,601.0
0.0,3702.0,0.0,0.0,0.0,601.0
0.0,3712.0,0.0,0.0,0.0,601.0
0.0,3724.0,0.0,0.0,0.0,601.0
0.0,3735.0,0.0,0.0,0.0,601.0
0.0,3749.0,0.0,0.0,0.0,601.0
0.0,3756.0,0.0,0.0,0.0,601.0
0.0,3766.0,0.0,0.0,0.0,601.0
0.0,3773.0,0.0,0.0,0.0,601.0
0.0,3786.0,0.0,0.0,0.0,601.0
0.0,3791.0,0.0,0.0,0.0,601.0
0.0,3796.0,0.0,0.0,0.0,601.0
0.0,3805.0,0.0,0.0,0.0,601.0
0.0,3814.0,0.0,0.0,0.0,601.0
0.0,3819.0,0.0,0.0,0.0,601.0
0.0,3828.0,0.0,0.0,0.0,601.0
0.0,3837.0,0.0,0.0,0.0,601.0
0.0,3840.0,1.0,0.0,0.0,601.0
0.0,3847.0,1.0,0.0,0.0,601.0
0.0,3848.0,1.0,0.0,0.0,601.0
0.0,3861.0,1.0,0.0,0.0,601.0
0.0,3872.0,1.0,0.0,0.0,601.0
0.0,3885.0,1.0,0.0,0.0,601.0
0.0,3900.0,0.0,0.0,0.0,601.0
0.0,3917.0,0.0,0.0,0.0,601.0
0.0,3923.0,0.0,0.0,0.0,601.0
0.0,3937.0,0.0,0.0,0.0,601.0
0.0,3946.0,0.0,0.0,0.0,601.0
0.0,3952.0,1.0,0.0,0.0,601.0
0.0,3967.0,1.0,0.0,0.0,601.0
0.0,3972.0,1.0,0.0,0.0,601.0
0.0,3978.0,1.0,0.0,0.0,601.0
0.0,3986.0,1.0,0.0,0.0,601.0
0.0,3999.0,1.0,0.0,0.0,601.0
0.0,4009.0,1.0,0.0,0.0,601.0
0.0,4020.0,1.0,0.0,0.0,601.0
0.0,4028.0,1.0,0.0,0.0,601.0
0.0,4039.0,1.0,0.0,0.0,601.0
0.0,4046.0,1.0,0.0,0.0,601.0
0.0,4051.0,1.0,0.0,0.0,601.0
0.0,4057.0,1.0,0.0,0.0,601.0
0.0,4063.0,1.0,0.0,0.0,601.0
0.0,4073.0,1.0,0.0,0.0,601.0
0.0,4074.0,1.0,0.0,0.0,601.0
0.0,4088.0,1.0,0.0,0.0,601.0
0.0,4102.0,2.0,0.0,0.0,601.0
0.0,4119.0,2.0,0.0,0.0,601.0
0.0,4126.0,3.0,0.0,0.0,601.0
0.0,4139.0,3.0,0.0,0.0,601.0
0.0,4150.0,2.0,0.0,0.0,601.0
0.0,4162.0,2.0,0.0,0.0,601.0
0.0,4177.0,2.0,0.0,0.0,601.0
0.0,4187.0,2.0,0.0,0.0,601.0
0.0,4197.0,2.0,0.0,0.0,601.0
0.0,4206.0,2.0,0.0,0.0,601.0
0.0,4212.0,2.0,0.0,0.0,601.0
0.0,4222.0,2.0,0.0,0.0,601.0
0.0,4231.0,2.0,0.0,0.0,601.0
0.0,4242.0,3.0,0.0,0.0,601.0
0.0,4256.0,3.0,0.0,0.0,601.0
0.0,4260.0,3.0,0.0,0.0,601.0
0.0,4268.0,3.0,0.0,0.0,601.0
0.0,4279.0,3.0,0.0,0.0,601.0
0.0,4287.0,3.0,0.0,0.0,601.0
0.0,4298.0,4.0,0.0,0.0,601.0
0.0,4301.0,4.0,0.0,0.0,601.0
0.0,4308.0,5.0,0.0,0.0,601.0
0.0,4308.0,5.0,0.0,0.0,601.0
0.0,4326.0,5.0,0.0,0.0,601.0
0.0,4341.0,6.0,0.0,0.0,601.0
0.0,4355.0,6.0,0.0,0.0,601.0
0.0,4373.0,6.0,0.0,0.0,601.0
0.0,4379.0,8.0,0.0,0.0,601.0
0.0,4389.0,8.0,0.0,0.0,601.0
0.0,4401.0,8.0,0.0,0.0,601.0
0.0,4411.0,8.0,0.0,0.0,601.0
0.0,4419.0,9.0,0.0,0.0,601.0
0.0,4427.0,10.0,0.0,0.0,601.0
0.0,4440.0,9.0,0.0,0.0,601.0
0.0,4449.0,9.0,0.0,0.0,601.0
0.0,4459.0,9.0,0.0,0.0,601.0
0.0,4469.0,10.0,0.0,0.0,601.0
0.0,4476.0,10.0,0.0,0.0,601.0
0.0,4484.0,11.0,0.0,0.0,601.0
0.0,4495.0,12.0,0.0,0.0,601.0
0.0,4502.0,12.0,0.0,0.0,601.0
0.0,4507.0,12.0,0.0,0.0,601.0
0.0,4515.0,12.0,0.0,0.0,601.0
0.0,4524.0,11.0,0.0,0.0,601.0
0.0,4538.0,12.0,0.0,0.0,601.0
0.0,4543.0,12.0,0.0,0.0,601.0
0.0,4544.0,12.0,0.0,0.0,601.0
0.0,4559.0,13.0,0.0,0.0,601.0
0.0,4578.0,14.0,0.0,0.0,601.0
0.0,4599.0,14.0,0.0,0.0,601.0
0.0,4612.0,13.0,0.0,0.0,601.0
0.0,4623.0,12.0,0.0,0.0,601.0
0.0,4637.0,12.0,0.0,0.0,601.0
0.0,4644.0,13.0,0.0,0.0,601.0
0.0,4652.0,14.0,0.0,0.0,601.0
0.0,4662.0,13.0,0.0,0.0,601.0
0.0,4674.0,13.0,0.0,0.0,601.0
0.0,4689.0,11.0,0.0,0.0,601.0
0.0,4695.0,11.0,0.0,0.0,601.0
0.0,4703.0,11.0,0.0,0.0,601.0
0.0,4715.0,12.0,0.0,0.0,601.0
0.0,4720.0,13.0,0.0,0.0,601.0
0.0,4731.0,14.0,0.0,0.0,601.0
0.0,4739.0,15.0,0.0,0.0,601.0
0.0,4752.0,16.0,0.0,0.0,601.0
0.0,4756.0,15.0,0.0,0.0,601.0
0.0,4763.0,15.0,0.0,0.0,601.0
0.0,4774.0,14.0,0.0,0.0,601.0
0.0,4782.0,14.0,0.0,0.0,601.0
0.0,4788.0,13.0,0.0,0.0,601.0
0.0,4788.0,13.0,0.0,0.0,601.0
0.0,4802.0,13.0,0.0,0.0,601.0
0.0,4820.0,12.0,0.0,0.0,601.0
0.0,4832.0,14.0,0.0,0.0,601.0
0.0,4844.0,15.0,0.0,0.0,601.0
0.0,4851.0,18.0,0.0,0.0,601.0
0.0,4866.0,17.0,0.0,0.0,601.0
0.0,4879.0,20.0,0.0,0.0,601.0
0.0,4891.0,20.0,0.0,0.0,601.0
0.0,4902.0,22.0,0.0,0.0,601.0
0.0,4908.0,24.0,0.0,0.0,601.0
0.0,4912.0,26.0,0.0,0.0,601.0
0.0,4915.0,26.0,0.0,0.0,601.0
0.0,4924.0,27.0,0.0,0.0,601.0
0.0,4935.0,29.0,0.0,0.0,601.0
0.0,4944.0,29.0,0.0,0.0,601.0
0.0,4953.0,28.0,0.0,0.0,601.0
0.0,4966.0,28.0,0.0,0.0,601.0
0.0,4982.0,29.0,0.0,0.0,601.0
0.0,4988.0,31.0,0.0,0.0,601.0
0.0,4994.0,32.0,0.0,0.0,601.0
0.0,5003.0,32.0,0.0,0.0,601.0
0.0,5019.0,30.0,0.0,0.0,601.0
0.0,5030.0,30.0,0.0,0.0,601.0
0.0,5032.0,31.0,0.0,0.0,601.0
0.0,5047.0,33.0,0.0,0.0,601.0
0.0,5064.0,34.0,0.0,0.0,601.0
0.0,5077.0,33.0,0.0,0.0,601.0
0.0,5087.0,35.0,0.0,0.0,601.0
0.0,5096.0,35.0,0.0,0.0,601.0
0.0,5113.0,35.0,0.0,0.0,601.0
0.0,5126.0,34.0,0.0,0.0,601.0
0.0,5145.0,33.0,0.0,0.0,601.0
0.0,5160.0,32.0,0.0,0.0,601.0
0.0,5167.0,36.0,0.0,0.0,601.0
0.0,5178.0,35.0,0.0,0.0,601.0
0.0,5191.0,37.0,0.0,0.0,601.0
0.0,5200.0,39.0,0.0,0.0,601.0
0.0,5210.0,38.0,0.0,0.0,601.0
0.0,5221.0,38.0,0.0,0.0,601.0
0.0,5237.0,38.0,0.0,0.0,601.0
0.0,5245.0,37.0,0.0,0.0,601.0
0.0,5254.0,38.0,0.0,0.0,601.0
0.0,5263.0,38.0,0.0,0.0,601.0
0.0,5271.0,38.0,0.0,0.0,601.0
0.0,5278.0,37.0,0.0,0.0,601.0
0.0,5285.0,35.0,0.0,0.0,601.0
0.0,5295.0,31.0,0.0,0.0,601.0
0.0,5295.0,31.0,0.0,0.0,601.0
0.0,5312.0,31.0,0.0,0.0,601.0
0.0,5327.0,29.0,0.0,0.0,601.0
0.0,5338.0,31.0,0.0,0.0,601.0
0.0,5344.0,33.0,0.0,0.0,601.0
0.0,5349.0,37.0,0.0,0.0,601.0
0.0,5363.0,35.0,0.0,0.0,601.0
0.0,5370.0,36.0,0.0,0.0,601.0
0.0,5390.0,36.0,0.0,0.0,601.0
0.0,5404.0,37.0,0.0,0.0,601.0
0.0,5419.0,37.0,0.0,0.0,601.0
0.0,5427.0,38.0,0.0,0.0,601.0
0.0,5443.0,37.0,0.0,0.0,601.0
0.0,5456.0,37.0,0.0,0.0,601.0
0.0,5471.0,37.0,0.0,0.0,601.0
0.0,5480.0,35.0,0.0,0.0,601.0
0.0,5493.0,34.0,0.0,0.0,601.0
0.0,5504.0,34.0,0.0,0.0,601.0
0.0,5512.0,33.0,0.0,0.0,601.0
0.0,5517.0,38.0,0.0,0.0,601.0
0.0,5527.0,39.0,0.0,0.0,601.0
0.0,5542.0,37.0,0.0,0.0,601.0
0.0,5553.0,36.0,0.0,0.0,601.0
0.0,5565.0,36.0,0.0,0.0,601.0
0.0,5565.0,36.0,0.0,0.0,601.0
0.0,5584.0,36.0,0.0,0.0,601.0
0.0,5594.0,36.0,0.0,0.0,601.0
0.0,5612.0,36.0,0.0,0.0,601.0
0.0,5627.0,35.0,0.0,0.0,601.0
0.0,5647.0,35.0,0.0,0.0,601.0
0.0,5661.0,36.0,0.0,0.0,601.0
0.0,5674.0,38.0,0.0,0.0,601.0
0.0,5684.0,40.0,0.0,0.0,601.0
0.0,5692.0,39.0,0.0,0.0,601.0
0.0,5704.0,39.0,0.0,0.0,601.0
0.0,5716.0,37.0,0.0,0.0,601.0
0.0,5730.0,35.0,0.0,0.0,601.0
0.0,5741.0,35.0,0.0,0.0,601.0
0.0,5747.0,35.0,0.0,0.0,601.0
0.0,5758.0,37.0,0.0,0.0,601.0
0.0,5767.0,37.0,0.0,0.0,601.0
0.0,5779.0,36.0,0.0,0.0,601.0
0.0,5785.0,38.0,0.0,0.0,601.0
0.0,5792.0,37.0,0.0,0.0,601.0
0.0,5794.0,41.0,0.0,0.0,601.0
0.0,5801.0,42.0,0.0,0.0,601.0
0.0,5812.0,44.0,0.0,0.0,601.0
0.0,5827.0,44.0,0.0,0.0,601.0
0.0,5827.0,44.0,0.0,0.0,601.0
0.0,5855.0,42.0,0.0,0.0,601.0
0.0,5874.0,42.0,0.0,0.0,601.0
0.0,5887.0,43.0,0.0,0.0,601.0
0.0,5900.0,44.0,0.0,0.0,601.0
0.0,5910.0,45.0,0.0,0.0,601.0
0.0,5928.0,44.0,0.0,0.0,601.0
0.0,5948.0,45.0,0.0,0.0,601.0
0.0,5961.0,44.0,0.0,0.0,601.0
0.0,5976.0,45.0,0.0,0.0,601.0
0.0,5984.0,47.0,0.0,0.0,601.0
0.0,5988.0,50.0,0.0,0.0,601.0
0.0,5997.0,53.0,0.0,0.0,601.0
0.0,6004.0,56.0,0.0,0.0,601.0
0.0,6012.0,56.0,0.0,0.0,601.0
0.0,6024.0,57.0,0.0,0.0,601.0
0.0,6032.0,61.0,0.0,0.0,601.0
0.0,6040.0,62.0,0.0,0.0,601.0
0.0,6051.0,61.0,0.0,0.0,601.0
0.0,6058.0,63.0,0.0,0.0,601.0
0.0,6063.0,66.0,0.0,0.0,601.0
0.0,6067.0,68.0,0.0,0.0,601.0
0.0,6078.0,70.0,0.0,0.0,601.0
0.0,6084.0,71.0,0.0,0.0,601.0
0.0,6084.0,71.0,0.0,0.0,601.0
0.0,6100.0,71.0,0.0,0.0,601.0
0.0,6122.0,66.0,0.0,0.0,601.0
0.0,6137.0,66.0,0.0,0.0,601.0
0.0,6151.0,64.0,0.0,0.0,601.0
0.0,6171.0,65.0,0.0,0.0,601.0
0.0,6183.0,67.0,0.0,0.0,601.0
0.0,6203.0,67.0,0.0,0.0,601.0
0.0,6215.0,68.0,0.0,0.0,601.0
0.0,6226.0,67.0,0.0,0.0,601.0
0.0,6236.0,71.0,0.0,0.0,601.0
0.0,6249.0,72.0,0.0,0.0,601.0
0.0,6258.0,75.0,0.0,0.0,601.0
0.0,6265.0,80.0,0.0,0.0,601.0
0.0,6275.0,83.0,0.0,0.0,601.0
0.0,6289.0,82.0,0.0,0.0,601.0
0.0,6300.0,83.0,0.0,0.0,601.0
0.0,6310.0,85.0,0.0,0.0,601.0
0.0,6321.0,81.0,0.0,0.0,601.0
0.0,6326.0,84.0,0.0,0.0,601.0
0.0,6338.0,85.0,0.0,0.0,601.0
0.0,6347.0,84.0,0.0,0.0,601.0
0.0,6355.0,84.0,0.0,0.0,601.0
0.0,6353.0,89.0,0.0,0.0,601.0
0.0,6354.0,89.0,0.0,0.0,601.0
0.0,6367.0,89.0,0.0,0.0,601.0
0.0,6380.0,88.0,0.0,0.0,601.0
0.0,6404.0,85.0,0.0,0.0,601.0
0.0,6424.0,86.0,0.0,0.0,601.0
0.0,6436.0,88.0,0.0,0.0,601.0
0.0,6448.0,89.0,0.0,0.0,601.0
0.0,6460.0,89.0,0.0,0.0,601.0
0.0,6470.0,93.0,0.0,0.0,601.0
0.0,6498.0,96.0,0.0,0.0,601.0
0.0,6512.0,94.0,0.0,0.0,601.0
0.0,6529.0,92.0,0.0,0.0,601.0
0.0,6539.0,93.0,0.0,0.0,601.0
0.0,6554.0,91.0,0.0,0.0,601.0
0.0,6561.0,96.0,0.0,0.0,601.0
0.0,6567.0,100.0,0.0,0.0,601.0
0.0,6573.0,99.0,0.0,0.0,601.0
0.0,6585.0,98.0,0.0,0.0,601.0
0.0,6596.0,99.0,0.0,0.0,601.0
0.0,6605.0,98.0,0.0,0.0,601.0
0.0,6617.0,95.0,0.0,0.0,601.0
0.0,6625.0,94.0,0.0,0.0,601.0
0.0,6636.0,95.0,0.0,0.0,601.0
0.0,6646.0,93.0,0.0,0.0,601.0
0.0,6646.0,93.0,0.0,0.0,601.0
0.0,6658.0,94.0,0.0,0.0,601.0
0.0,6672.0,96.0,0.0,0.0,601.0
0.0,6686.0,100.0,0.0,0.0,601.0
0.0,6704.0,101.0,0.0,0.0,601.0
0.0,6717.0,102.0,0.0,0.0,601.0
0.0,6730.0,103.0,0.0,0.0,601.0
0.0,6749.0,101.0,0.0,0.0,601.0
0.0,6765.0,101.0,0.0,0.0,601.0
0.0,6778.0,103.0,0.0,0.0,601.0
0.0,6785.0,105.0,0.0,0.0,601.0
0.0,6800.0,105.0,0.0,0.0,601.0
0.0,6814.0,103.0,0.0,0.0,601.0
0.0,6825.0,104.0,0.0,0.0,601.0
0.0,6838.0,104.0,0.0,0.0,601.0
0.0,6847.0,106.0,0.0,0.0,601.0
0.0,6862.0,107.0,0.0,0.0,601.0
0.0,6879.0,107.0,0.0,0.0,601.0
0.0,6885.0,108.0,0.0,0.0,601.0
0.0,6900.0,104.0,0.0,0.0,601.0
0.0,6915.0,101.0,0.0,0.0,601.0
0.0,6920.0,105.0,0.0,0.0,601.0
0.0,6934.0,105.0,0.0,0.0,601.0
0.0,6941.0,105.0,0.0,0.0,601.0
0.0,6942.0,105.0,0.0,0.0,601.0
0.0,6963.0,108.0,0.0,0.0,601.0
0.0,6977.0,108.0,0.0,0.0,601.0
0.0,6985.0,110.0,0.0,0.0,601.0
0.0,7004.0,112.0,0.0,0.0,601.0
0.0,7022.0,115.0,0.0,0.0,601.0
0.0,7043.0,113.0,0.0,0.0,601.0
0.0,7059.0,114.0,0.0,0.0,601.0
0.0,7073.0,115.0,0.0,0.0,601.0
0.0,7083.0,115.0,0.0,0.0,601.0
0.0,7097.0,116.0,0.0,0.0,601.0
0.0,7109.0,117.0,0.0,0.0,601.0
0.0,7122.0,118.0,0.0,0.0,601.0
0.0,7134.0,116.0,0.0,0.0,601.0
0.0,7141.0,117.0,0.0,0.0,601.0
0.0,7152.0,115.0,0.0,0.0,601.0
0.0,7166.0,116.0,0.0,0.0,601.0
0.0,7173.0,117.0,0.0,0.0,601.0
0.0,7192.0,115.0,0.0,0.0,601.0
0.0,7203.0,113.0,0.0,0.0,601.0
0.0,7209.0,115.0,0.0,0.0,601.0
0.0,7221.0,115.0,0.0,0.0,601.0
0.0,7225.0,120.0,0.0,0.0,601.0
0.0,7236.0,120.0,0.0,0.0,601.0
0.0,7236.0,120.0,0.0,0.0,601.0
0.0,7251.0,121.0,0.0,0.0,601.0
0.0,7266.0,121.0,0.0,0.0,601.0
0.0,7290.0,122.0,0.0,0.0,601.0
0.0,7311.0,121.0,0.0,0.0,601.0
0.0,7321.0,123.0,0.0,0.0,601.0
0.0,7336.0,123.0,0.0,0.0,601.0
0.0,7345.0,127.0,0.0,0.0,601.0
0.0,7362.0,128.0,0.0,0.0,601.0
0.0,7376.0,128.0,0.0,0.0,601.0
0.0,7389.0,128.0,0.0,0.0,601.0
0.0,7399.0,126.0,0.0,0.0,601.0
0.0,7413.0,130.0,0.0,0.0,601.0
0.0,7418.0,132.0,0.0,0.0,601.0
0.0,7433.0,129.0,0.0,0.0,601.0
0.0,7439.0,131.0,0.0,0.0,601.0
0.0,7450.0,133.0,0.0,0.0,601.0
0.0,7460.0,134.0,0.0,0.0,601.0
0.0,7475.0,134.0,0.0,0.0,601.0
0.0,7481.0,135.0,0.0,0.0,601.0
0.0,7493.0,135.0,0.0,0.0,601.0
0.0,7505.0,133.0,0.0,0.0,601.0
0.0,7516.0,137.0,0.0,0.0,601.0
0.0,7527.0,137.0,0.0,0.0,601.0
0.0,7527.0,137.0,0.0,0.0,601.0
0.0,7541.0,136.0,0.0,0.0,601.0
0.0,7561.0,134.0,0.0,0.0,601.0
0.0,7569.0,137.0,0.0,0.0,601.0
0.0,7590.0,135.0,0.0,0.0,601.0
0.0,7609.0,136.0,0.0,0.0,601.0
0.0,7625.0,138.0,0.0,0.0,601.0
0.0,7646.0,136.0,0.0,0.0,601.0
0.0,7658.0,137.0,0.0,0.0,601.0
0.0,7682.0,135.0,0.0,0.0,601.0
0.0,7695.0,139.0,0.0,0.0,601.0
0.0,7702.0,141.0,0.0,0.0,601.0
0.0,7716.0,143.0,0.0,0.0,601.0
0.0,7728.0,143.0,0.0,0.0,601.0
0.0,7745.0,144.0,0.0,0.0,601.0
0.0,7757.0,145.0,0.0,0.0,601.0
0.0,7764.0,148.0,0.0,0.0,601.0
0.0,7775.0,149.0,0.0,0.0,601.0
0.0,7786.0,150.0,0.0,0.0,601.0
0.0,7794.0,155.0,0.0,0.0,601.0
0.0,7806.0,154.0,0.0,0.0,601.0
0.0,7813.0,157.0,0.0,0.0,601.0
0.0,7812.0,163.0,0.0,0.0,601.0
0.0,7815.0,167.0,0.0,0.0,601.0
0.0,7816.0,166.0,0.0,0.0,601.0
0.0,7831.0,164.0,0.0,0.0,601.0
0.0,7855.0,161.0,0.0,0.0,601.0
0.0,7872.0,169.0,0.0,0.0,601.0
0.0,7881.0,174.0,0.0,0.0,601.0
0.0,7898.0,170.0,0.0,0.0,601.0
0.0,7915.0,169.0,0.0,0.0,601.0
0.0,7938.0,170.0,0.0,0.0,601.0
0.0,7955.0,175.0,0.0,0.0,601.0
0.0,7969.0,177.0,0.0,0.0,601.0
0.0,7981.0,177.0,0.0,0.0,601.0
0.0,8004.0,174.0,0.0,0.0,601.0
0.0,8020.0,174.0,0.0,0.0,601.0
0.0,8039.0,172.0,0.0,0.0,601.0
0.0,8045.0,173.0,0.0,0.0,601.0
0.0,8057.0,177.0,0.0,0.0,601.0
0.0,8074.0,174.0,0.0,0.0,601.0
0.0,8080.0,177.0,0.0,0.0,601.0
0.0,8086.0,181.0,0.0,0.0,601.0
0.0,8095.0,185.0,0.0,0.0,601.0
0.0,8100.0,186.0,0.0,0.0,601.0
0.0,8112.0,187.0,0.0,0.0,601.0
0.0,8116.0,193.0,0.0,0.0,601.0
0.0,8123.0,194.0,0.0,0.0,601.0
0.0,8123.0,194.0,0.0,0.0,601.0
0.0,8144.0,192.0,0.0,0.0,601.0
0.0,8167.0,187.0,0.0,0.0,601.0
0.0,8184.0,185.0,0.0,0.0,601.0
0.0,8209.0,186.0,0.0,0.0,601.0
0.0,8229.0,186.0,0.0,0.0,601.0
0.0,8244.0,184.0,0.0,0.0,601.0
0.0,8248.0,187.0,0.0,0.0,601.0
0.0,8262.0,187.0,0.0,0.0,601.0
0.0,8280.0,186.0,0.0,0.0,601.0
0.0,8291.0,189.0,0.0,0.0,601.0
0.0,8302.0,192.0,0.0,0.0,601.0
0.0,8316.0,193.0,0.0,0.0,601.0
0.0,8329.0,197.0,0.0,0.0,601.0
0.0,8341.0,201.0,0.0,0.0,601.0
0.0,8358.0,203.0,0.0,0.0,601.0
0.0,8373.0,205.0,0.0,0.0,601.0
0.0,8382.0,206.0,0.0,0.0,601.0
0.0,8391.0,207.0,0.0,0.0,601.0
0.0,8407.0,204.0,0.0,0.0,601.0
0.0,8426.0,202.0,0.0,0.0,601.0
0.0,8427.0,207.0,0.0,0.0,601.0
0.0,8431.0,210.0,0.0,0.0,601.0
0.0,8439.0,213.0,0.0,0.0,601.0
0.0,8439.0,213.0,0.0,0.0,601.0
0.0,8468.0,208.0,0.0,0.0,601.0
0.0,8493.0,211.0,0.0,0.0,601.0
0.0,8508.0,212.0,0.0,0.0,601.0
0.0,8532.0,215.0,0.0,0.0,601.0
0.0,8545.0,216.0,0.0,0.0,601.0
0.0,8559.0,219.0,0.0,0.0,601.0
0.0,8567.0,217.0,0.0,0.0,601.0
0.0,8582.0,220.0,0.0,0.0,601.0
0.0,8594.0,219.0,0.0,0.0,601.0
0.0,8618.0,215.0,0.0,0.0,601.0
0.0,8628.0,220.0,0.0,0.0,601.0
0.0,8641.0,223.0,0.0,0.0,601.0
0.0,8657.0,223.0,0.0,0.0,601.0
0.0,8674.0,226.0,0.0,0.0,601.0
0.0,8683.0,229.0,0.0,0.0,601.0
0.0,8692.0,236.0,0.0,0.0,601.0
0.0,8694.0,244.0,0.0,0.0,601.0
0.0,8697.0,249.0,0.0,0.0,601.0
0.0,8703.0,251.0,0.0,0.0,601.0
0.0,8712.0,251.0,0.0,0.0,601.0
0.0,8724.0,248.0,0.0,0.0,601.0
0.0,8731.0,249.0,0.0,0.0,601.0
0.0,8744.0,252.0,0.0,0.0,601.0
0.0,8744.0,252.0,0.0,0.0,601.0
0.0,8763.0,253.0,0.0,0.0,601.0
0.0,8781.0,258.0,0.0,0.0,601.0
0.0,8790.0,258.0,0.0,0.0,601.0
0.0,8800.0,263.0,0.0,0.0,601.0
0.0,8814.0,263.0,0.0,0.0,601.0
0.0,8829.0,261.0,0.0,0.0,601.0
0.0,8842.0,264.0,0.0,0.0,601.0
0.0,8856.0,270.0,0.0,0.0,601.0
0.0,8877.0,269.0,0.0,0.0,601.0
0.0,8894.0,267.0,0.0,0.0,601.0
0.0,8919.0,262.0,0.0,0.0,601.0
0.0,8936.0,263.0,0.0,0.0,601.0
0.0,8956.0,262.0,0.0,0.0,601.0
0.0,8978.0,261.0,0.0,0.0,601.0
0.0,8995.0,256.0,0.0,0.0,601.0
0.0,9006.0,257.0,0.0,0.0,601.0
0.0,9018.0,256.0,0.0,0.0,601.0
0.0,9036.0,253.0,0.0,0.0,601.0
0.0,9047.0,257.0,0.0,0.0,601.0
0.0,9057.0,256.0,0.0,0.0,601.0
0.0,9067.0,257.0,0.0,0.0,601.0
0.0,9071.0,260.0,0.0,0.0,601.0
0.0,9075.0,267.0,0.0,0.0,601.0
0.0,9076.0,266.0,0.0,0.0,601.0
0.0,9100.0,265.0,0.0,0.0,601.0
0.0,9116.0,268.0,0.0,0.0,601.0
0.0,9138.0,269.0,0.0,0.0,601.0
0.0,9145.0,272.0,0.0,0.0,601.0
0.0,9158.0,277.0,0.0,0.0,601.0
0.0,9175.0,276.0,0.0,0.0,601.0
0.0,9188.0,277.0,0.0,0.0,601.0
0.0,9200.0,274.0,0.0,0.0,601.0
0.0,9222.0,273.0,0.0,0.0,601.0
0.0,9234.0,274.0,0.0,0.0,601.0
0.0,9246.0,275.0,0.0,0.0,601.0
0.0,9267.0,271.0,0.0,0.0,601.0
0.0,9281.0,272.0,0.0,0.0,601.0
0.0,9294.0,272.0,0.0,0.0,601.0
0.0,9311.0,270.0,0.0,0.0,601.0
0.0,9318.0,276.0,0.0,0.0,601.0
0.0,9331.0,282.0,0.0,0.0,601.0
0.0,9342.0,281.0,0.0,0.0,601.0
0.0,9353.0,283.0,0.0,0.0,601.0
0.0,9375.0,283.0,0.0,0.0,601.0
0.0,9391.0,282.0,0.0,0.0,601.0
0.0,9395.0,287.0,0.0,0.0,601.0
0.0,9409.0,283.0,0.0,0.0,601.0
0.0,9409.0,283.0,0.0,0.0,601.0
0.0,9427.0,284.0,0.0,0.0,601.0
0.0,9445.0,284.0,0.0,0.0,601.0
0.0,9453.0,288.0,0.0,0.0,601.0
0.0,9473.0,285.0,0.0,0.0,601.0
0.0,9495.0,288.0,0.0,0.0,601.0
0.0,9519.0,286.0,0.0,0.0,601.0
0.0,9534.0,288.0,0.0,0.0,601.0
0.0,9548.0,287.0,0.0,0.0,601.0
0.0,9559.0,288.0,0.0,0.0,601.0
0.0,9570.0,288.0,0.0,0.0,601.0
0.0,9584.0,293.0,0.0,0.0,601.0
0.0,9597.0,299.0,0.0,0.0,601.0
0.0,9611.0,303.0,0.0,0.0,601.0
0.0,9622.0,306.0,0.0,0.0,601.0
0.0,9644.0,303.0,0.0,0.0,601.0
0.0,9658.0,306.0,0.0,0.0,601.0
0.0,9676.0,306.0,0.0,0.0,601.0
0.0,9685.0,308.0,0.0,0.0,601.0
0.0,9697.0,311.0,0.0,0.0,601.0
0.0,9711.0,315.0,0.0,0.0,601.0
0.0,9723.0,313.0,0.0,0.0,601.0
0.0,9732.0,316.0,0.0,0.0,601.0
0.0,9730.0,320.0,0.0,0.0,601.0
0.0,9730.0,320.0,0.0,0.0,601.0
0.0,9750.0,322.0,0.0,0.0,601.0
0.0,9768.0,319.0,0.0,0.0,601.0
0.0,9790.0,320.0,0.0,0.0,601.0
0.0,9806.0,319.0,0.0,0.0,601.0
0.0,9817.0,322.0,0.0,0.0,601.0
0.0,9830.0,326.0,0.0,0.0,601.0
0.0,9848.0,328.0,0.0,0.0,601.0
0.0,9864.0,331.0,0.0,0.0,601.0
0.0,9873.0,335.0,0.0,0.0,601.0
0.0,9911.0,322.0,0.0,0.0,601.0
0.0,9925.0,328.0,0.0,0.0,601.0
0.0,9952.0,325.0,0.0,0.0,601.0
0.0,9967.0,326.0,0.0,0.0,601.0
0.0,9986.0,332.0,0.0,0.0,601.0
0.0,9997.0,334.0,0.0,0.0,601.0
0.0,10010.0,332.0,0.0,0.0,601.0
0.0,10019.0,331.0,0.0,0.0,601.0
0.0,10030.0,333.0,0.0,0.0,601.0
0.0,10037.0,336.0,0.0,0.0,601.0
0.0,10047.0,336.0,0.0,0.0,601.0
0.0,10053.0,338.0,0.0,0.0,601.0
0.0,10058.0,344.0,0.0,0.0,601.0
0.0,10070.0,346.0,0.0,0.0,601.0
0.0,10070.0,346.0,0.0,0.0,601.0
0.0,10091.0,346.0,0.0,0.0,601.0
0.0,10107.0,349.0,0.0,0.0,601.0
0.0,10136.0,346.0,0.0,0.0,601.0
0.0,10150.0,348.0,0.0,0.0,601.0
0.0,10174.0,348.0,0.0,0.0,601.0
0.0,10197.0,347.0,0.0,0.0,601.0
0.0,10209.0,348.0,0.0,0.0,601.0
0.0,10224.0,347.0,0.0,0.0,601.0
0.0,10238.0,351.0,0.0,0.0,601.0
0.0,10250.0,351.0,0.0,0.0,601.0
0.0,10264.0,355.0,0.0,0.0,601.0
0.0,10282.0,353.0,0.0,0.0,601.0
0.0,10298.0,355.0,0.0,0.0,601.0
0.0,10311.0,355.0,0.0,0.0,601.0
0.0,10334.0,349.0,0.0,0.0,601.0
0.0,10340.0,356.0,0.0,0.0,601.0
0.0,10344.0,359.0,0.0,0.0,601.0
0.0,10356.0,363.0,0.0,0.0,601.0
0.0,10379.0,358.0,0.0,0.0,601.0
0.0,10399.0,357.0,0.0,0.0,601.0
0.0,10403.0,367.0,0.0,0.0,601.0
0.0,10420.0,364.0,0.0,0.0,601.0
0.0,10439.0,360.0,0.0,0.0,601.0
0.0,10461.0,361.0,0.0,0.0,601.0
0.0,10475.0,364.0,0.0,0.0,601.0
0.0,10496.0,367.0,0.0,0.0,601.0
0.0,10517.0,368.0,0.0,0.0,601.0
0.0,10537.0,368.0,0.0,0.0,601.0
0.0,10559.0,368.0,0.0,0.0,601.0
0.0,10565.0,374.0,0.0,0.0,601.0
0.0,10579.0,375.0,0.0,0.0,601.0
0.0,10598.0,376.0,0.0,0.0,601.0
0.0,10612.0,381.0,0.0,0.0,601.0
0.0,10634.0,378.0,0.0,0.0,601.0
0.0,10653.0,375.0,0.0,0.0,601.0
0.0,10663.0,381.0,0.0,0.0,601.0
0.0,10674.0,385.0,0.0,0.0,601.0
0.0,10694.0,384.0,0.0,0.0,601.0
0.0,10708.0,389.0,0.0,0.0,601.0
0.0,10722.0,388.0,0.0,0.0,601.0
0.0,10722.0,392.0,0.0,0.0,601.0
0.0,10743.0,389.0,0.0,0.0,601.0
0.0,10746.0,392.0,0.0,0.0,601.0
0.0,10753.0,400.0,0.0,0.0,601.0
0.0,10769.0,401.0,0.0,0.0,601.0
0.0,10780.0,403.0,0.0,0.0,601.0
0.0,10781.0,403.0,0.0,0.0,601.0
0.0,10792.0,408.0,0.0,0.0,601.0
0.0,10800.0,419.0,0.0,0.0,601.0
0.0,10821.0,415.0,0.0,0.0,601.0
0.0,10841.0,415.0,0.0,0.0,601.0
0.0,10847.0,423.0,0.0,0.0,601.0
0.0,10859.0,429.0,0.0,0.0,601.0
0.0,10880.0,434.0,0.0,0.0,601.0
0.0,10904.0,429.0,0.0,0.0,601.0
0.0,10921.0,434.0,0.0,0.0,601.0
0.0,10951.0,426.0,0.0,0.0,601.0
0.0,10967.0,426.0,0.0,0.0,601.0
0.0,10979.0,433.0,0.0,0.0,601.0
0.0,10997.0,435.0,0.0,0.0,601.0
0.0,11007.0,437.0,0.0,0.0,601.0
0.0,11023.0,439.0,0.0,0.0,601.0
0.0,11038.0,441.0,0.0,0.0,601.0
0.0,11062.0,433.0,0.0,0.0,601.0
0.0,11067.0,434.0,0.0,0.0,601.0
0.0,11088.0,434.0,0.0,0.0,601.0
0.0,11097.0,439.0,0.0,0.0,601.0
0.0,11115.0,434.0,0.0,0.0,601.0
0.0,11122.0,436.0,0.0,0.0,601.0
0.0,11130.0,438.0,0.0,0.0,601.0
0.0,11130.0,438.0,0.0,0.0,601.0
0.0,11141.0,443.0,0.0,0.0,601.0
0.0,11161.0,445.0,0.0,0.0,601.0
0.0,11169.0,456.0,0.0,0.0,601.0
0.0,11187.0,460.0,0.0,0.0,601.0
0.0,11218.0,454.0,0.0,0.0,601.0
0.0,11243.0,449.0,0.0,0.0,601.0
0.0,11270.0,445.0,0.0,0.0,601.0
0.0,11287.0,446.0,0.0,0.0,601.0
0.0,11313.0,444.0,0.0,0.0,601.0
0.0,11336.0,442.0,0.0,0.0,601.0
0.0,11347.0,446.0,0.0,0.0,601.0
0.0,11361.0,445.0,0.0,0.0,601.0
0.0,11376.0,447.0,0.0,0.0,601.0
0.0,11391.0,446.0,0.0,0.0,601.0
0.0,11405.0,446.0,0.0,0.0,601.0
0.0,11408.0,451.0,0.0,0.0,601.0
0.0,11414.0,455.0,0.0,0.0,601.0
0.0,11434.0,451.0,0.0,0.0,601.0
0.0,11454.0,450.0,0.0,0.0,601.0
0.0,11458.0,463.0,0.0,0.0,601.0
0.0,11473.0,461.0,0.0,0.0,601.0
0.0,11489.0,453.0,0.0,0.0,601.0
0.0,11498.0,454.0,0.0,0.0,601.0
0.0,11498.0,454.0,0.0,0.0,601.0
0.0,11515.0,461.0,0.0,0.0,601.0
0.0,11533.0,464.0,0.0,0.0,601.0
0.0,11548.0,468.0,0.0,0.0,601.0
0.0,11562.0,466.0,0.0,0.0,601.0
0.0,11573.0,473.0,0.0,0.0,601.0
0.0,11590.0,478.0,0.0,0.0,601.0
0.0,11611.0,485.0,0.0,0.0,601.0
0.0,11619.0,492.0,0.0,0.0,601.0
0.0,11652.0,485.0,0.0,0.0,601.0
0.0,11667.0,484.0,0.0,0.0,601.0
0.0,11694.0,481.0,0.0,0.0,601.0
0.0,11708.0,487.0,0.0,0.0,601.0
0.0,11727.0,484.0,0.0,0.0,601.0
0.0,11746.0,479.0,0.0,0.0,601.0
0.0,11761.0,485.0,0.0,0.0,601.0
0.0,11774.0,490.0,0.0,0.0,601.0
0.0,11779.0,493.0,0.0,0.0,601.0
0.0,11785.0,493.0,0.0,0.0,601.0
0.0,11810.0,487.0,0.0,0.0,601.0
0.0,11817.0,491.0,0.0,0.0,601.0
0.0,11829.0,496.0,0.0,0.0,601.0
0.0,11848.0,496.0,0.0,0.0,601.0
0.0,11864.0,494.0,0.0,0.0,601.0
0.0,11865.0,494.0,0.0,0.0,601.0
0.0,11884.0,494.0,0.0,0.0,601.0
0.0,11902.0,500.0,0.0,0.0,601.0
0.0,11926.0,496.0,0.0,0.0,601.0
0.0,11946.0,495.0,0.0,0.0,601.0
0.0,11955.0,507.0,0.0,0.0,601.0
0.0,11979.0,503.0,0.0,0.0,601.0
0.0,11993.0,507.0,0.0,0.0,601.0
0.0,12016.0,500.0,0.0,0.0,601.0
0.0,12044.0,494.0,0.0,0.0,601.0
0.0,12057.0,497.0,0.0,0.0,601.0
0.0,12077.0,499.0,0.0,0.0,601.0
0.0,12106.0,492.0,0.0,0.0,601.0
0.0,12126.0,490.0,0.0,0.0,601.0
0.0,12139.0,490.0,0.0,0.0,601.0
0.0,12160.0,490.0,0.0,0.0,601.0
0.0,12179.0,490.0,0.0,0.0,601.0
0.0,12194.0,493.0,0.0,0.0,601.0
0.0,12219.0,486.0,0.0,0.0,601.0
0.0,12225.0,490.0,0.0,0.0,601.0
0.0,12237.0,489.0,0.0,0.0,601.0
0.0,12253.0,489.0,0.0,0.0,601.0
0.0,12270.0,487.0,0.0,0.0,601.0
0.0,12277.0,492.0,0.0,0.0,601.0
0.0,12276.0,493.0,0.0,0.0,601.0
0.0,12305.0,494.0,0.0,0.0,601.0
0.0,12327.0,499.0,0.0,0.0,601.0
0.0,12341.0,504.0,0.0,0.0,601.0
0.0,12362.0,500.0,0.0,0.0,601.0
0.0,12376.0,504.0,0.0,0.0,601.0
0.0,12390.0,511.0,0.0,0.0,601.0
0.0,12399.0,515.0,0.0,0.0,601.0
0.0,12411.0,514.0,0.0,0.0,601.0
0.0,12433.0,512.0,0.0,0.0,601.0
0.0,12455.0,508.0,0.0,0.0,601.0
0.0,12480.0,509.0,0.0,0.0,601.0
0.0,12494.0,513.0,0.0,0.0,601.0
0.0,12504.0,518.0,0.0,0.0,601.0
0.0,12510.0,525.0,0.0,0.0,601.0
0.0,12534.0,523.0,0.0,0.0,601.0
0.0,12546.0,521.0,0.0,0.0,601.0
0.0,12559.0,526.0,0.0,0.0,601.0
0.0,12567.0,530.0,0.0,0.0,601.0
0.0,12583.0,534.0,0.0,0.0,601.0
0.0,12599.0,532.0,0.0,0.0,601.0
0.0,12620.0,529.0,0.0,0.0,601.0
0.0,12630.0,538.0,0.0,0.0,601.0
0.0,12638.0,541.0,0.0,0.0,601.0
0.0,12639.0,540.0,0.0,0.0,601.0
0.0,12667.0,540.0,0.0,0.0,601.0
0.0,12679.0,545.0,0.0,0.0,601.0
0.0,12707.0,538.0,0.0,0.0,601.0
0.0,12707.0,550.0,0.0,0.0,601.0
0.0,12734.0,553.0,0.0,0.0,601.0
0.0,12758.0,556.0,0.0,0.0,601.0
0.0,12770.0,564.0,0.0,0.0,601.0
0.0,12790.0,565.0,0.0,0.0,601.0
0.0,12809.0,562.0,0.0,0.0,601.0
0.0,12830.0,563.0,0.0,0.0,601.0
0.0,12846.0,562.0,0.0,0.0,601.0
0.0,12876.0,554.0,0.0,0.0,601.0
0.0,12892.0,552.0,0.0,0.0,601.0
0.0,12906.0,556.0,0.0,0.0,601.0
0.0,12926.0,556.0,0.0,0.0,601.0
0.0,12937.0,559.0,0.0,0.0,601.0
0.0,12953.0,559.0,0.0,0.0,601.0
0.0,12973.0,555.0,0.0,0.0,601.0
0.0,12998.0,552.0,0.0,0.0,601.0
0.0,13016.0,550.0,0.0,0.0,601.0
0.0,13034.0,544.0,0.0,0.0,601.0
0.0,13040.0,548.0,0.0,0.0,601.0
0.0,13047.0,550.0,0.0,0.0,601.0
0.0,13047.0,550.0,0.0,0.0,601.0
0.0,13071.0,552.0,0.0,0.0,601.0
0.0,13097.0,552.0,0.0,0.0,601.0
0.0,13120.0,551.0,0.0,0.0,601.0
0.0,13141.0,546.0,0.0,0.0,601.0
0.0,13158.0,555.0,0.0,0.0,601.0
0.0,13161.0,569.0,0.0,0.0,601.0
0.0,13189.0,568.0,0.0,0.0,601.0
0.0,13211.0,569.0,0.0,0.0,601.0
0.0,13222.0,571.0,0.0,0.0,601.0
0.0,13241.0,569.0,0.0,0.0,601.0
0.0,13266.0,568.0,0.0,0.0,601.0
0.0,13289.0,569.0,0.0,0.0,601.0
0.0,13302.0,572.0,0.0,0.0,601.0
0.0,13309.0,578.0,0.0,0.0,601.0
0.0,13330.0,574.0,0.0,0.0,601.0
0.0,13352.0,577.0,0.0,0.0,601.0
0.0,13371.0,573.0,0.0,0.0,601.0
0.0,13385.0,577.0,0.0,0.0,601.0
0.0,13400.0,576.0,0.0,0.0,601.0
0.0,13412.0,577.0,0.0,0.0,601.0
0.0,13420.0,579.0,0.0,0.0,601.0
0.0,13427.0,584.0,0.0,0.0,601.0
0.0,13430.0,595.0,0.0,0.0,601.0
0.0,13430.0,595.0,0.0,0.0,601.0
0.0,13450.0,597.0,0.0,0.0,601.0
0.0,13470.0,595.0,0.0,0.0,601.0
0.0,13493.0,594.0,0.0,0.0,601.0
0.0,13509.0,597.0,0.0,0.0,601.0
0.0,13533.0,599.0,0.0,0.0,601.0
0.0,13561.0,588.0,0.0,0.0,601.0
0.0,13590.0,581.0,0.0,0.0,601.0
0.0,13619.0,582.0,0.0,0.0,601.0
0.0,13631.0,586.0,0.0,0.0,601.0
0.0,13656.0,583.0,0.0,0.0,601.0
0.0,13670.0,587.0,0.0,0.0,601.0
0.0,13687.0,593.0,0.0,0.0,601.0
0.0,13703.0,593.0,0.0,0.0,601.0
0.0,13722.0,592.0,0.0,0.0,601.0
0.0,13745.0,594.0,0.0,0.0,601.0
0.0,13762.0,594.0,0.0,0.0,601.0
0.0,13762.0,608.0,0.0,0.0,601.0
0.0,13779.0,607.0,0.0,0.0,601.0
0.0,13798.0,599.0,0.0,0.0,601.0
0.0,13811.0,605.0,0.0,0.0,601.0
0.0,13822.0,607.0,0.0,0.0,601.0
0.0,13835.0,606.0,0.0,0.0,601.0
0.0,13850.0,612.0,0.0,0.0,601.0
0.0,13851.0,611.0,0.0,0.0,601.0
0.0,13883.0,604.0,0.0,0.0,601.0
0.0,13903.0,607.0,0.0,0.0,601.0
0.0,13929.0,604.0,0.0,0.0,601.0
0.0,13962.0,604.0,0.0,0.0,601.0
0.0,13975.0,612.0,0.0,0.0,601.0
0.0,14003.0,609.0,0.0,0.0,601.0
0.0,14032.0,610.0,0.0,0.0,601.0
0.0,14043.0,620.0,0.0,0.0,601.0
0.0,14051.0,627.0,0.0,0.0,601.0
0.0,14086.0,622.0,0.0,0.0,601.0
0.0,14099.0,624.0,0.0,0.0,601.0
0.0,14111.0,629.0,0.0,0.0,601.0
0.0,14132.0,632.0,0.0,0.0,601.0
0.0,14156.0,627.0,0.0,0.0,601.0
0.0,14173.0,632.0,0.0,0.0,601.0
0.0,14196.0,631.0,0.0,0.0,601.0
0.0,14216.0,627.0,0.0,0.0,601.0
0.0,14228.0,623.0,0.0,0.0,601.0
0.0,14253.0,612.0,0.0,0.0,601.0
0.0,14262.0,616.0,0.0,0.0,601.0
0.0,14269.0,617.0,0.0,0.0,601.0
0.0,14283.0,613.0,0.0,0.0,601.0
0.0,14292.0,616.0,0.0,0.0,601.0
0.0,14292.0,616.0,0.0,0.0,601.0
0.0,14320.0,620.0,0.0,0.0,601.0
0.0,14344.0,621.0,0.0,0.0,601.0
0.0,14370.0,617.0,0.0,0.0,601.0
0.0,14394.0,619.0,0.0,0.0,601.0
0.0,14413.0,624.0,0.0,0.0,601.0
0.0,14432.0,632.0,0.0,0.0,601.0
0.0,14451.0,634.0,0.0,0.0,601.0
0.0,14468.0,634.0,0.0,0.0,601.0
0.0,14481.0,640.0,0.0,0.0,601.0
0.0,14510.0,635.0,0.0,0.0,601.0
0.0,14527.0,635.0,0.0,0.0,601.0
0.0,14542.0,634.0,0.0,0.0,601.0
0.0,14558.0,635.0,0.0,0.0,601.0
0.0,14588.0,630.0,0.0,0.0,601.0
0.0,14600.0,637.0,0.0,0.0,601.0
0.0,14618.0,635.0,0.0,0.0,601.0
0.0,14629.0,639.0,0.0,0.0,601.0
0.0,14638.0,644.0,0.0,0.0,601.0
0.0,14655.0,648.0,0.0,0.0,601.0
0.0,14671.0,645.0,0.0,0.0,601.0
0.0,14687.0,639.0,0.0,0.0,601.0
0.0,14692.0,643.0,0.0,0.0,601.0
0.0,14707.0,646.0,0.0,0.0,601.0
0.0,14707.0,646.0,0.0,0.0,601.0
0.0,14727.0,650.0,0.0,0.0,601.0
0.0,14764.0,650.0,0.0,0.0,601.0
0.0,14788.0,651.0,0.0,0.0,601.0
0.0,14815.0,653.0,0.0,0.0,601.0
0.0,14831.0,659.0,0.0,0.0,601.0
0.0,14842.0,666.0,0.0,0.0,601.0
0.0,14864.0,670.0,0.0,0.0,601.0
0.0,14886.0,665.0,0.0,0.0,601.0
0.0,14907.0,667.0,0.0,0.0,601.0
0.0,14924.0,671.0,0.0,0.0,601.0
0.0,14934.0,679.0,0.0,0.0,601.0
0.0,14938.0,693.0,0.0,0.0,601.0
0.0,14967.0,688.0,0.0,0.0,601.0
0.0,14980.0,688.0,0.0,0.0,601.0
0.0,14994.0,690.0,0.0,0.0,601.0
0.0,15019.0,686.0,0.0,0.0,601.0
0.0,15022.0,692.0,0.0,0.0,601.0
0.0,15033.0,691.0,0.0,0.0,601.0
0.0,15057.0,690.0,0.0,0.0,601.0
0.0,15077.0,692.0,0.0,0.0,601.0
0.0,15090.0,696.0,0.0,0.0,601.0
0.0,15106.0,697.0,0.0,0.0,601.0
0.0,15117.0,699.0,0.0,0.0,601.0
0.0,15118.0,699.0,0.0,0.0,601.0
0.0,15145.0,695.0,0.0,0.0,601.0
0.0,15171.0,692.0,0.0,0.0,601.0
0.0,15204.0,684.0,0.0,0.0,601.0
0.0,15220.0,688.0,0.0,0.0,601.0
0.0,15237.0,688.0,0.0,0.0,601.0
0.0,15256.0,686.0,0.0,0.0,601.0
0.0,15269.0,694.0,0.0,0.0,601.0
0.0,15284.0,698.0,0.0,0.0,601.0
0.0,15323.0,690.0,0.0,0.0,601.0
0.0,15345.0,690.0,0.0,0.0,601.0
0.0,15363.0,689.0,0.0,0.0,601.0
0.0,15378.0,696.0,0.0,0.0,601.0
0.0,15406.0,686.0,0.0,0.0,601.0
0.0,15430.0,684.0,0.0,0.0,601.0
0.0,15457.0,677.0,0.0,0.0,601.0
0.0,15459.0,691.0,0.0,0.0,601.0
0.0,15476.0,693.0,0.0,0.0,601.0
0.0,15513.0,683.0,0.0,0.0,601.0
0.0,15530.0,685.0,0.0,0.0,601.0
0.0,15542.0,692.0,0.0,0.0,601.0
0.0,15568.0,690.0,0.0,0.0,601.0
0.0,15572.0,695.0,0.0,0.0,601.0
0.0,15579.0,701.0,0.0,0.0,601.0
0.0,15579.0,701.0,0.0,0.0,601.0
0.0,15611.0,690.0,0.0,0.0,601.0
0.0,15640.0,685.0,0.0,0.0,601.0
0.0,15659.0,692.0,0.0,0.0,601.0
0.0,15695.0,685.0,0.0,0.0,601.0
0.0,15727.0,684.0,0.0,0.0,601.0
0.0,15740.0,691.0,0.0,0.0,601.0
0.0,15759.0,696.0,0.0,0.0,601.0
0.0,15775.0,697.0,0.0,0.0,601.0
0.0,15799.0,691.0,0.0,0.0,601.0
0.0,15814.0,699.0,0.0,0.0,601.0
0.0,15830.0,701.0,0.0,0.0,601.0
0.0,15839.0,705.0,0.0,0.0,601.0
0.0,15867.0,699.0,0.0,0.0,601.0
0.0,15882.0,701.0,0.0,0.0,601.0
0.0,15907.0,696.0,0.0,0.0,601.0
0.0,15928.0,697.0,0.0,0.0,601.0
0.0,15945.0,700.0,0.0,0.0,601.0
0.0,15967.0,703.0,0.0,0.0,601.0
0.0,15985.0,701.0,0.0,0.0,601.0
0.0,15998.0,700.0,0.0,0.0,601.0
0.0,16008.0,703.0,0.0,0.0,601.0
0.0,16026.0,698.0,0.0,0.0,601.0
0.0,16036.0,700.0,0.0,0.0,601.0
0.0,16034.0,702.0,0.0,0.0,601.0
0.0,16048.0,708.0,0.0,0.0,601.0
0.0,16072.0,713.0,0.0,0.0,601.0
0.0,16098.0,717.0,0.0,0.0,601.0
0.0,16110.0,723.0,0.0,0.0,601.0
0.0,16128.0,732.0,0.0,0.0,601.0
0.0,16159.0,730.0,0.0,0.0,601.0
0.0,16182.0,730.0,0.0,0.0,601.0
0.0,16208.0,728.0,0.0,0.0,601.0
0.0,16228.0,739.0,0.0,0.0,601.0
0.0,16248.0,737.0,0.0,0.0,601.0
0.0,16261.0,740.0,0.0,0.0,601.0
0.0,16270.0,745.0,0.0,0.0,601.0
0.0,16281.0,752.0,0.0,0.0,601.0
0.0,16296.0,762.0,0.0,0.0,601.0
0.0,16307.0,764.0,0.0,0.0,601.0
0.0,16329.0,767.0,0.0,0.0,601.0
0.0,16334.0,777.0,0.0,0.0,601.0
0.0,16352.0,783.0,0.0,0.0,601.0
0.0,16373.0,785.0,0.0,0.0,601.0
0.0,16384.0,787.0,0.0,0.0,601.0
0.0,16403.0,785.0,0.0,0.0,601.0
0.0,16434.0,775.0,0.0,0.0,601.0
0.0,16444.0,775.0,0.0,0.0,601.0
0.0,16443.0,776.0,0.0,0.0,601.0
0.0,16477.0,779.0,0.0,0.0,601.0
0.0,16506.0,771.0,0.0,0.0,601.0
0.0,16533.0,770.0,0.0,0.0,601.0
0.0,16555.0,769.0,0.0,0.0,601.0
0.0,16576.0,768.0,0.0,0.0,601.0
0.0,16615.0,759.0,0.0,0.0,601.0
0.0,16632.0,764.0,0.0,0.0,601.0
0.0,16654.0,767.0,0.0,0.0,601.0
0.0,16687.0,770.0,0.0,0.0,601.0
0.0,16717.0,768.0,0.0,0.0,601.0
0.0,16734.0,766.0,0.0,0.0,601.0
0.0,16750.0,768.0,0.0,0.0,601.0
0.0,16768.0,773.0,0.0,0.0,601.0
0.0,16793.0,768.0,0.0,0.0,601.0
0.0,16801.0,769.0,0.0,0.0,601.0
0.0,16826.0,761.0,0.0,0.0,601.0
0.0,16839.0,768.0,0.0,0.0,601.0
0.0,16861.0,769.0,0.0,0.0,601.0
0.0,16868.0,774.0,0.0,0.0,601.0
0.0,16886.0,771.0,0.0,0.0,601.0
0.0,16907.0,767.0,0.0,0.0,601.0
0.0,16926.0,762.0,0.0,0.0,601.0
0.0,16943.0,766.0,0.0,0.0,601.0
0.0,16942.0,767.0,0.0,0.0,601.0
0.0,16945.0,779.0,0.0,0.0,601.0
0.0,16965.0,783.0,0.0,0.0,601.0
0.0,16992.0,787.0,0.0,0.0,601.0
0.0,17012.0,791.0,0.0,0.0,601.0
0.0,17046.0,788.0,0.0,0.0,601.0
0.0,17070.0,795.0,0.0,0.0,601.0
0.0,17096.0,792.0,0.0,0.0,601.0
0.0,17120.0,795.0,0.0,0.0,601.0
0.0,17134.0,803.0,0.0,0.0,601.0
0.0,17160.0,802.0,0.0,0.0,601.0
0.0,17175.0,804.0,0.0,0.0,601.0
0.0,17206.0,794.0,0.0,0.0,601.0
0.0,17222.0,798.0,0.0,0.0,601.0
0.0,17235.0,806.0,0.0,0.0,601.0
0.0,17250.0,803.0,0.0,0.0,601.0
0.0,17262.0,811.0,0.0,0.0,601.0
0.0,17278.0,816.0,0.0,0.0,601.0
0.0,17296.0,823.0,0.0,0.0,601.0
0.0,17322.0,814.0,0.0,0.0,601.0
0.0,17337.0,811.0,0.0,0.0,601.0
0.0,17354.0,809.0,0.0,0.0,601.0
0.0,17374.0,814.0,0.0,0.0,601.0
0.0,17382.0,817.0,0.0,0.0,601.0
0.0,17382.0,817.0,0.0,0.0,601.0
0.0,17420.0,807.0,0.0,0.0,601.0
0.0,17443.0,808.0,0.0,0.0,601.0
0.0,17473.0,807.0,0.0,0.0,601.0
0.0,17504.0,800.0,0.0,0.0,601.0
0.0,17539.0,794.0,0.0,0.0,601.0
0.0,17567.0,794.0,0.0,0.0,601.0
0.0,17593.0,792.0,0.0,0.0,601.0
0.0,17616.0,793.0,0.0,0.0,601.0
0.0,17632.0,801.0,0.0,0.0,601.0
0.0,17657.0,802.0,0.0,0.0,601.0
0.0,17674.0,804.0,0.0,0.0,601.0
0.0,17688.0,811.0,0.0,0.0,601.0
0.0,17698.0,819.0,0.0,0.0,601.0
0.0,17723.0,813.0,0.0,0.0,601.0
0.0,17729.0,828.0,0.0,0.0,601.0
0.0,17754.0,821.0,0.0,0.0,601.0
0.0,17762.0,826.0,0.0,0.0,601.0
0.0,17776.0,831.0,0.0,0.0,601.0
0.0,17794.0,830.0,0.0,0.0,601.0
0.0,17810.0,826.0,0.0,0.0,601.0
0.0,17833.0,830.0,0.0,0.0,601.0
0.0,17845.0,831.0,0.0,0.0,601.0
0.0,17864.0,828.0,0.0,0.0,601.0
0.0,17866.0,826.0,0.0,0.0,601.0
0.0,17899.0,826.0,0.0,0.0,601.0
0.0,17926.0,824.0,0.0,0.0,601.0
0.0,17950.0,824.0,0.0,0.0,601.0
0.0,17989.0,817.0,0.0,0.0,601.0
0.0,18020.0,813.0,0.0,0.0,601.0
0.0,18055.0,808.0,0.0,0.0,601.0
0.0,18075.0,814.0,0.0,0.0,601.0
0.0,18090.0,825.0,0.0,0.0,601.0
0.0,18112.0,835.0,0.0,0.0,601.0
0.0,18123.0,837.0,0.0,0.0,601.0
0.0,18144.0,838.0,0.0,0.0,601.0
0.0,18167.0,839.0,0.0,0.0,601.0
0.0,18185.0,841.0,0.0,0.0,601.0
0.0,18198.0,851.0,0.0,0.0,601.0
0.0,18214.0,854.0,0.0,0.0,601.0
0.0,18228.0,854.0,0.0,0.0,601.0
0.0,18238.0,859.0,0.0,0.0,601.0
0.0,18258.0,856.0,0.0,0.0,601.0
0.0,18272.0,858.0,0.0,0.0,601.0
0.0,18299.0,851.0,0.0,0.0,601.0
0.0,18314.0,846.0,0.0,0.0,601.0
0.0,18330.0,842.0,0.0,0.0,601.0
0.0,18343.0,847.0,0.0,0.0,601.0
0.0,18343.0,847.0,0.0,0.0,601.0
0.0,18370.0,845.0,0.0,0.0,601.0
0.0,18397.0,838.0,0.0,0.0,601.0
0.0,18432.0,833.0,0.0,0.0,601.0
0.0,18456.0,834.0,0.0,0.0,601.0
0.0,18483.0,830.0,0.0,0.0,601.0
0.0,18516.0,832.0,0.0,0.0,601.0
0.0,18546.0,830.0,0.0,0.0,601.0
0.0,18570.0,829.0,0.0,0.0,601.0
0.0,18606.0,828.0,0.0,0.0,601.0
0.0,18626.0,825.0,0.0,0.0,601.0
0.0,18650.0,825.0,0.0,0.0,601.0
0.0,18680.0,819.0,0.0,0.0,601.0
0.0,18705.0,820.0,0.0,0.0,601.0
0.0,18718.0,824.0,0.0,0.0,601.0
0.0,18741.0,823.0,0.0,0.0,601.0
0.0,18764.0,822.0,0.0,0.0,601.0
0.0,18791.0,821.0,0.0,0.0,601.0
0.0,18807.0,822.0,0.0,0.0,601.0
0.0,18829.0,810.0,0.0,0.0,601.0
0.0,18846.0,812.0,0.0,0.0,601.0
0.0,18857.0,814.0,0.0,0.0,601.0
0.0,18865.0,823.0,0.0,0.0,601.0
0.0,18878.0,826.0,0.0,0.0,601.0
0.0,18878.0,826.0,0.0,0.0,601.0
0.0,18920.0,819.0,0.0,0.0,601.0
0.0,18949.0,820.0,0.0,0.0,601.0
0.0,18978.0,820.0,0.0,0.0,601.0
0.0,18998.0,824.0,0.0,0.0,601.0
0.0,19023.0,825.0,0.0,0.0,601.0
0.0,19042.0,829.0,0.0,0.0,601.0
0.0,19061.0,827.0,0.0,0.0,601.0
0.0,19089.0,829.0,0.0,0.0,601.0
0.0,19117.0,834.0,0.0,0.0,601.0
0.0,19138.0,840.0,0.0,0.0,601.0
0.0,19158.0,845.0,0.0,0.0,601.0
0.0,19178.0,842.0,0.0,0.0,601.0
0.0,19197.0,844.0,0.0,0.0,601.0
0.0,19212.0,849.0,0.0,0.0,601.0
0.0,19229.0,850.0,0.0,0.0,601.0
0.0,19242.0,860.0,0.0,0.0,601.0
0.0,19262.0,858.0,0.0,0.0,601.0
0.0,19279.0,862.0,0.0,0.0,601.0
0.0,19294.0,862.0,0.0,0.0,601.0
0.0,19316.0,862.0,0.0,0.0,601.0
0.0,19323.0,868.0,0.0,0.0,601.0
0.0,19341.0,864.0,0.0,0.0,601.0
0.0,19338.0,874.0,0.0,0.0,601.0
0.0,19338.0,874.0,0.0,0.0,601.0
0.0,19371.0,875.0,0.0,0.0,601.0
0.0,19389.0,883.0,0.0,0.0,601.0
0.0,19418.0,887.0,0.0,0.0,601.0
0.0,19440.0,889.0,0.0,0.0,601.0
0.0,19454.0,893.0,0.0,0.0,601.0
0.0,19494.0,890.0,0.0,0.0,601.0
0.0,19535.0,884.0,0.0,0.0,601.0
0.0,19549.0,885.0,0.0,0.0,601.0
0.0,19572.0,885.0,0.0,0.0,601.0
0.0,19591.0,883.0,0.0,0.0,601.0
0.0,19614.0,880.0,0.0,0.0,601.0
0.0,19633.0,881.0,0.0,0.0,601.0
0.0,19644.0,883.0,0.0,0.0,601.0
0.0,19678.0,873.0,0.0,0.0,601.0
0.0,19704.0,867.0,0.0,0.0,601.0
0.0,19720.0,877.0,0.0,0.0,601.0
0.0,19742.0,872.0,0.0,0.0,601.0
0.0,19763.0,871.0,0.0,0.0,601.0
0.0,19780.0,874.0,0.0,0.0,601.0
0.0,19791.0,878.0,0.0,0.0,601.0
0.0,19801.0,887.0,0.0,0.0,601.0
0.0,19824.0,879.0,0.0,0.0,601.0
0.0,19842.0,882.0,0.0,0.0,601.0
0.0,19843.0,882.0,0.0,0.0,601.0
0.0,19865.0,891.0,0.0,0.0,601.0
0.0,19883.0,895.0,0.0,0.0,601.0
0.0,19923.0,895.0,0.0,0.0,601.0
0.0,19948.0,891.0,0.0,0.0,601.0
0.0,19979.0,890.0,0.0,0.0,601.0
0.0,19991.0,900.0,0.0,0.0,601.0
0.0,20004.0,912.0,0.0,0.0,601.0
0.0,20032.0,912.0,0.0,0.0,601.0
0.0,20058.0,916.0,0.0,0.0,601.0
0.0,20085.0,907.0,0.0,0.0,601.0
0.0,20096.0,918.0,0.0,0.0,601.0
0.0,20127.0,918.0,0.0,0.0,601.0
0.0,20146.0,923.0,0.0,0.0,601.0
0.0,20154.0,934.0,0.0,0.0,601.0
0.0,20181.0,931.0,0.0,0.0,601.0
0.0,20214.0,923.0,0.0,0.0,601.0
0.0,20244.0,920.0,0.0,0.0,601.0
0.0,20258.0,926.0,0.0,0.0,601.0
0.0,20263.0,934.0,0.0,0.0,601.0
0.0,20283.0,930.0,0.0,0.0,601.0
0.0,20298.0,929.0,0.0,0.0,601.0
0.0,20309.0,933.0,0.0,0.0,601.0
0.0,20330.0,929.0,0.0,0.0,601.0
0.0,20331.0,929.0,0.0,0.0,601.0
0.0,20345.0,936.0,0.0,0.0,601.0
0.0,20373.0,936.0,0.0,0.0,601.0
0.0,20413.0,930.0,0.0,0.0,601.0
0.0,20449.0,924.0,0.0,0.0,601.0
0.0,20477.0,924.0,0.0,0.0,601.0
0.0,20507.0,919.0,0.0,0.0,601.0
0.0,20537.0,923.0,0.0,0.0,601.0
0.0,20569.0,919.0,0.0,0.0,601.0
0.0,20586.0,923.0,0.0,0.0,601.0
0.0,20620.0,917.0,0.0,0.0,601.0
0.0,20643.0,915.0,0.0,0.0,601.0
0.0,20660.0,913.0,0.0,0.0,601.0
0.0,20700.0,900.0,0.0,0.0,601.0
0.0,20718.0,906.0,0.0,0.0,601.0
0.0,20735.0,910.0,0.0,0.0,601.0
0.0,20750.0,912.0,0.0,0.0,601.0
0.0,20772.0,914.0,0.0,0.0,601.0
0.0,20790.0,911.0,0.0,0.0,601.0
0.0,20805.0,908.0,0.0,0.0,601.0
0.0,20825.0,914.0,0.0,0.0,601.0
0.0,20838.0,917.0,0.0,0.0,601.0
0.0,20852.0,919.0,0.0,0.0,601.0
0.0,20874.0,920.0,0.0,0.0,601.0
0.0,20874.0,920.0,0.0,0.0,601.0
0.0,20903.0,921.0,0.0,0.0,601.0
0.0,20916.0,932.0,0.0,0.0,601.0
0.0,20940.0,938.0,0.0,0.0,601.0
0.0,20963.0,943.0,0.0,0.0,601.0
0.0,20999.0,939.0,0.0,0.0,601.0
0.0,21022.0,948.0,0.0,0.0,601.0
0.0,21040.0,956.0,0.0,0.0,601.0
0.0,21068.0,954.0,0.0,0.0,601.0
0.0,21110.0,944.0,0.0,0.0,601.0
0.0,21133.0,945.0,0.0,0.0,601.0
0.0,21155.0,944.0,0.0,0.0,601.0
0.0,21173.0,946.0,0.0,0.0,601.0
0.0,21194.0,950.0,0.0,0.0,601.0
0.0,21228.0,939.0,0.0,0.0,601.0
0.0,21251.0,940.0,0.0,0.0,601.0
0.0,21263.0,948.0,0.0,0.0,601.0
0.0,21285.0,946.0,0.0,0.0,601.0
0.0,21296.0,949.0,0.0,0.0,601.0
0.0,21304.0,952.0,0.0,0.0,601.0
0.0,21311.0,963.0,0.0,0.0,601.0
0.0,21325.0,964.0,0.0,0.0,601.0
0.0,21346.0,963.0,0.0,0.0,601.0
0.0,21353.0,973.0,0.0,0.0,601.0
0.0,21353.0,974.0,0.0,0.0,601.0
0.0,21378.0,977.0,0.0,0.0,601.0
0.0,21408.0,969.0,0.0,0.0,601.0
0.0,21435.0,974.0,0.0,0.0,601.0
0.0,21470.0,970.0,0.0,0.0,601.0
0.0,21498.0,973.0,0.0,0.0,601.0
0.0,21534.0,962.0,0.0,0.0,601.0
0.0,21564.0,956.0,0.0,0.0,601.0
0.0,21583.0,963.0,0.0,0.0,601.0
0.0,21608.0,965.0,0.0,0.0,601.0
0.0,21636.0,965.0,0.0,0.0,601.0
0.0,21658.0,973.0,0.0,0.0,601.0
0.0,21693.0,967.0,0.0,0.0,601.0
0.0,21729.0,957.0,0.0,0.0,601.0
0.0,21755.0,960.0,0.0,0.0,601.0
0.0,21765.0,967.0,0.0,0.0,601.0
0.0,21786.0,972.0,0.0,0.0,601.0
0.0,21811.0,967.0,0.0,0.0,601.0
0.0,21830.0,967.0,0.0,0.0,601.0
0.0,21842.0,973.0,0.0,0.0,601.0
0.0,21862.0,971.0,0.0,0.0,601.0
0.0,21896.0,964.0,0.0,0.0,601.0
0.0,21903.0,966.0,0.0,0.0,601.0
0.0,21912.0,964.0,0.0,0.0,601.0
0.0,21913.0,963.0,0.0,0.0,601.0
0.0,21948.0,958.0,0.0,0.0,601.0
0.0,21981.0,959.0,0.0,0.0,601.0
0.0,22024.0,951.0,0.0,0.0,601.0
0.0,22041.0,951.0,0.0,0.0,601.0
0.0,22069.0,951.0,0.0,0.0,601.0
0.0,22098.0,957.0,0.0,0.0,601.0
0.0,22124.0,959.0,0.0,0.0,601.0
0.0,22155.0,961.0,0.0,0.0,601.0
0.0,22195.0,954.0,0.0,0.0,601.0
0.0,22242.0,947.0,0.0,0.0,601.0
0.0,22259.0,952.0,0.0,0.0,601.0
0.0,22286.0,946.0,0.0,0.0,601.0
0.0,22309.0,946.0,0.0,0.0,601.0
0.0,22331.0,945.0,0.0,0.0,601.0
0.0,22355.0,940.0,0.0,0.0,601.0
0.0,22370.0,946.0,0.0,0.0,601.0
0.0,22387.0,945.0,0.0,0.0,601.0
0.0,22397.0,950.0,0.0,0.0,601.0
0.0,22396.0,959.0,0.0,0.0,601.0
0.0,22416.0,957.0,0.0,0.0,601.0
0.0,22436.0,956.0,0.0,0.0,601.0
0.0,22447.0,958.0,0.0,0.0,601.0
0.0,22481.0,946.0,0.0,0.0,601.0
0.0,22482.0,945.0,0.0,0.0,601.0
0.0,22519.0,948.0,0.0,0.0,601.0
0.0,22549.0,950.0,0.0,0.0,601.0
0.0,22569.0,952.0,0.0,0.0,601.0
0.0,22592.0,954.0,0.0,0.0,601.0
0.0,22619.0,962.0,0.0,0.0,601.0
0.0,22644.0,961.0,0.0,0.0,601.0
0.0,22672.0,962.0,0.0,0.0,601.0
0.0,22686.0,971.0,0.0,0.0,601.0
0.0,22711.0,976.0,0.0,0.0,601.0
0.0,22739.0,969.0,0.0,0.0,601.0
0.0,22763.0,972.0,0.0,0.0,601.0
0.0,22767.0,983.0,0.0,0.0,601.0
0.0,22789.0,986.0,0.0,0.0,601.0
0.0,22803.0,988.0,0.0,0.0,601.0
0.0,22834.0,986.0,0.0,0.0,601.0
0.0,22855.0,992.0,0.0,0.0,601.0
0.0,22884.0,988.0,0.0,0.0,601.0
0.0,22905.0,984.0,0.0,0.0,601.0
0.0,22917.0,985.0,0.0,0.0,601.0
0.0,22935.0,982.0,0.0,0.0,601.0
0.0,22957.0,982.0,0.0,0.0,601.0
0.0,22982.0,976.0,0.0,0.0,601.0
0.0,23002.0,972.0,0.0,0.0,601.0
0.0,23002.0,972.0,0.0,0.0,601.0
0.0,23034.0,971.0,0.0,0.0,601.0
0.0,23052.0,984.0,0.0,0.0,601.0
0.0,23082.0,988.0,0.0,0.0,601.0
0.0,23113.0,990.0,0.0,0.0,601.0
0.0,23133.0,997.0,0.0,0.0,601.0
0.0,23155.0,1000.0,0.0,0.0,601.0
0.0,23171.0,1006.0,0.0,0.0,601.0
0.0,23202.0,1002.0,0.0,0.0,601.0
0.0,23225.0,1004.0,0.0,0.0,601.0
0.0,23250.0,1000.0,0.0,0.0,601.0
0.0,23277.0,992.0,0.0,0.0,601.0
0.0,23295.0,997.0,0.0,0.0,601.0
0.0,23329.0,992.0,0.0,0.0,601.0
0.0,23358.0,1002.0,0.0,0.0,601.0
0.0,23389.0,1001.0,0.0,0.0,601.0
0.0,23420.0,997.0,0.0,0.0,601.0
0.0,23437.0,999.0,0.0,0.0,601.0
0.0,23445.0,1005.0,0.0,0.0,601.0
0.0,23471.0,1001.0,0.0,0.0,601.0
0.0,23498.0,1000.0,0.0,0.0,601.0
0.0,23515.0,1001.0,0.0,0.0,601.0
0.0,23530.0,1005.0,0.0,0.0,601.0
0.0,23539.0,1015.0,0.0,0.0,601.0
0.0,23539.0,1016.0,0.0,0.0,601.0
0.0,23567.0,1013.0,0.0,0.0,601.0
0.0,23592.0,1014.0,0.0,0.0,601.0
0.0,23630.0,1008.0,0.0,0.0,601.0
0.0,23666.0,1005.0,0.0,0.0,601.0
0.0,23695.0,1003.0,0.0,0.0,601.0
0.0,23730.0,994.0,0.0,0.0,601.0
0.0,23754.0,1001.0,0.0,0.0,601.0
0.0,23787.0,998.0,0.0,0.0,601.0
0.0,23823.0,998.0,0.0,0.0,601.0
0.0,23840.0,1010.0,0.0,0.0,601.0
0.0,23877.0,1000.0,0.0,0.0,601.0
0.0,23892.0,1004.0,0.0,0.0,601.0
0.0,23926.0,996.0,0.0,0.0,601.0
0.0,23964.0,986.0,0.0,0.0,601.0
0.0,23980.0,988.0,0.0,0.0,601.0
0.0,24012.0,990.0,0.0,0.0,601.0
0.0,24026.0,1003.0,0.0,0.0,601.0
0.0,24040.0,1007.0,0.0,0.0,601.0
0.0,24061.0,1006.0,0.0,0.0,601.0
0.0,24080.0,1009.0,0.0,0.0,601.0
0.0,24086.0,1015.0,0.0,0.0,601.0
0.0,24100.0,1020.0,0.0,0.0,601.0
0.0,24115.0,1022.0,0.0,0.0,601.0
0.0,24115.0,1022.0,0.0,0.0,601.0
0.0,24160.0,1016.0,0.0,0.0,601.0
0.0,24184.0,1020.0,0.0,0.0,601.0
0.0,24211.0,1026.0,0.0,0.0,601.0
0.0,24252.0,1017.0,0.0,0.0,601.0
0.0,24272.0,1019.0,0.0,0.0,601.0
0.0,24311.0,1019.0,0.0,0.0,601.0
0.0,24332.0,1027.0,0.0,0.0,601.0
0.0,24357.0,1024.0,0.0,0.0,601.0
0.0,24397.0,1016.0,0.0,0.0,601.0
0.0,24397.0,1038.0,0.0,0.0,601.0
0.0,24427.0,1037.0,0.0,0.0,601.0
0.0,24458.0,1028.0,0.0,0.0,601.0
0.0,24482.0,1022.0,0.0,0.0,601.0
0.0,24499.0,1030.0,0.0,0.0,601.0
0.0,24520.0,1031.0,0.0,0.0,601.0
0.0,24537.0,1036.0,0.0,0.0,601.0
0.0,24558.0,1037.0,0.0,0.0,601.0
0.0,24578.0,1036.0,0.0,0.0,601.0
0.0,24588.0,1047.0,0.0,0.0,601.0
0.0,24622.0,1042.0,0.0,0.0,601.0
0.0,24644.0,1039.0,0.0,0.0,601.0
0.0,24659.0,1043.0,0.0,0.0,601.0
0.0,24677.0,1036.0,0.0,0.0,601.0
0.0,24677.0,1036.0,0.0,0.0,601.0
0.0,24705.0,1044.0,0.0,0.0,601.0
0.0,24742.0,1042.0,0.0,0.0,601.0
0.0,24776.0,1046.0,0.0,0.0,601.0
0.0,24808.0,1035.0,0.0,0.0,601.0
0.0,24829.0,1036.0,0.0,0.0,601.0
0.0,24859.0,1037.0,0.0,0.0,601.0
0.0,24888.0,1033.0,0.0,0.0,601.0
0.0,24917.0,1033.0,0.0,0.0,601.0
0.0,24941.0,1041.0,0.0,0.0,601.0
0.0,24973.0,1044.0,0.0,0.0,601.0
0.0,25001.0,1045.0,0.0,0.0,601.0
0.0,25029.0,1042.0,0.0,0.0,601.0
0.0,25044.0,1049.0,0.0,0.0,601.0
0.0,25063.0,1050.0,0.0,0.0,601.0
0.0,25074.0,1057.0,0.0,0.0,601.0
0.0,25104.0,1056.0,0.0,0.0,601.0
0.0,25124.0,1053.0,0.0,0.0,601.0
0.0,25131.0,1064.0,0.0,0.0,601.0
0.0,25150.0,1064.0,0.0,0.0,601.0
0.0,25184.0,1055.0,0.0,0.0,601.0
0.0,25206.0,1062.0,0.0,0.0,601.0
0.0,25208.0,1076.0,0.0,0.0,601.0
0.0,25208.0,1089.0,0.0,0.0,601.0
0.0,25208.0,1089.0,0.0,0.0,601.0
0.0,25240.0,1086.0,0.0,0.0,601.0
0.0,25277.0,1087.0,0.0,0.0,601.0
0.0,25307.0,1088.0,0.0,0.0,601.0
0.0,25325.0,1095.0,0.0,0.0,601.0
0.0,25345.0,1106.0,0.0,0.0,601.0
0.0,25368.0,1108.0,0.0,0.0,601.0
0.0,25409.0,1103.0,0.0,0.0,601.0
0.0,25428.0,1104.0,0.0,0.0,601.0
0.0,25447.0,1119.0,0.0,0.0,601.0
0.0,25470.0,1122.0,0.0,0.0,601.0
0.0,25502.0,1116.0,0.0,0.0,601.0
0.0,25521.0,1123.0,0.0,0.0,601.0
0.0,25554.0,1120.0,0.0,0.0,601.0
0.0,25581.0,1121.0,0.0,0.0,601.0
0.0,25613.0,1115.0,0.0,0.0,601.0
0.0,25629.0,1122.0,0.0,0.0,601.0
0.0,25644.0,1121.0,0.0,0.0,601.0
0.0,25679.0,1115.0,0.0,0.0,601.0
0.0,25701.0,1110.0,0.0,0.0,601.0
0.0,25725.0,1108.0,0.0,0.0,601.0
0.0,25747.0,1109.0,0.0,0.0,601.0
0.0,25765.0,1115.0,0.0,0.0,601.0
0.0,25790.0,1111.0,0.0,0.0,601.0
0.0,25791.0,1110.0,0.0,0.0,601.0
0.0,25828.0,1110.0,0.0,0.0,601.0
0.0,25848.0,1116.0,0.0,0.0,601.0
0.0,25882.0,1112.0,0.0,0.0,601.0
0.0,25928.0,1104.0,0.0,0.0,601.0
0.0,25963.0,1103.0,0.0,0.0,601.0
0.0,26002.0,1091.0,0.0,0.0,601.0
0.0,26030.0,1095.0,0.0,0.0,601.0
0.0,26052.0,1104.0,0.0,0.0,601.0
0.0,26070.0,1115.0,0.0,0.0,601.0
0.0,26111.0,1107.0,0.0,0.0,601.0
0.0,26142.0,1101.0,0.0,0.0,601.0
0.0,26152.0,1113.0,0.0,0.0,601.0
0.0,26174.0,1110.0,0.0,0.0,601.0
0.0,26204.0,1103.0,0.0,0.0,601.0
0.0,26238.0,1093.0,0.0,0.0,601.0
0.0,26257.0,1098.0,0.0,0.0,601.0
0.0,26288.0,1095.0,0.0,0.0,601.0
0.0,26312.0,1095.0,0.0,0.0,601.0
0.0,26338.0,1088.0,0.0,0.0,601.0
0.0,26351.0,1091.0,0.0,0.0,601.0
0.0,26369.0,1089.0,0.0,0.0,601.0
0.0,26389.0,1089.0,0.0,0.0,601.0
0.0,26408.0,1091.0,0.0,0.0,601.0
0.0,26408.0,1091.0,0.0,0.0,601.0
0.0,26435.0,1097.0,0.0,0.0,601.0
0.0,26460.0,1101.0,0.0,0.0,601.0
0.0,26486.0,1108.0,0.0,0.0,601.0
0.0,26509.0,1105.0,0.0,0.0,601.0
0.0,26519.0,1114.0,0.0,0.0,601.0
0.0,26559.0,1123.0,0.0,0.0,601.0
0.0,26589.0,1124.0,0.0,0.0,601.0
0.0,26619.0,1117.0,0.0,0.0,601.0
0.0,26648.0,1120.0,0.0,0.0,601.0
0.0,26688.0,1113.0,0.0,0.0,601.0
0.0,26707.0,1119.0,0.0,0.0,601.0
0.0,26746.0,1121.0,0.0,0.0,601.0
0.0,26770.0,1125.0,0.0,0.0,601.0
0.0,26781.0,1138.0,0.0,0.0,601.0
0.0,26814.0,1128.0,0.0,0.0,601.0
0.0,26830.0,1130.0,0.0,0.0,601.0
0.0,26853.0,1131.0,0.0,0.0,601.0
0.0,26879.0,1126.0,0.0,0.0,601.0
0.0,26902.0,1126.0,0.0,0.0,601.0
0.0,26924.0,1127.0,0.0,0.0,601.0
0.0,26948.0,1130.0,0.0,0.0,601.0
0.0,26975.0,1128.0,0.0,0.0,601.0
0.0,26980.0,1135.0,0.0,0.0,601.0
0.0,26979.0,1136.0,0.0,0.0,601.0
0.0,27017.0,1130.0,0.0,0.0,601.0
0.0,27044.0,1136.0,0.0,0.0,601.0
0.0,27078.0,1137.0,0.0,0.0,601.0
0.0,27115.0,1129.0,0.0,0.0,601.0
0.0,27138.0,1133.0,0.0,0.0,601.0
0.0,27171.0,1133.0,0.0,0.0,601.0
0.0,27208.0,1126.0,0.0,0.0,601.0
0.0,27245.0,1129.0,0.0,0.0,601.0
0.0,27257.0,1147.0,0.0,0.0,601.0
0.0,27270.0,1163.0,0.0,0.0,601.0
0.0,27308.0,1156.0,0.0,0.0,601.0
0.0,27337.0,1160.0,0.0,0.0,601.0
0.0,27372.0,1154.0,0.0,0.0,601.0
0.0,27401.0,1161.0,0.0,0.0,601.0
0.0,27423.0,1159.0,0.0,0.0,601.0
0.0,27449.0,1155.0,0.0,0.0,601.0
0.0,27471.0,1159.0,0.0,0.0,601.0
0.0,27483.0,1166.0,0.0,0.0,601.0
0.0,27498.0,1165.0,0.0,0.0,601.0
0.0,27518.0,1161.0,0.0,0.0,601.0
0.0,27538.0,1158.0,0.0,0.0,601.0
0.0,27556.0,1156.0,0.0,0.0,601.0
0.0,27568.0,1164.0,0.0,0.0,601.0
0.0,27569.0,1164.0,0.0,0.0,601.0
0.0,27601.0,1172.0,0.0,0.0,601.0
0.0,27644.0,1164.0,0.0,0.0,601.0
0.0,27685.0,1159.0,0.0,0.0,601.0
0.0,27715.0,1158.0,0.0,0.0,601.0
0.0,27749.0,1158.0,0.0,0.0,601.0
0.0,27777.0,1165.0,0.0,0.0,601.0
0.0,27824.0,1150.0,0.0,0.0,601.0
0.0,27849.0,1154.0,0.0,0.0,601.0
0.0,27865.0,1163.0,0.0,0.0,601.0
0.0,27887.0,1170.0,0.0,0.0,601.0
0.0,27913.0,1175.0,0.0,0.0,601.0
0.0,27933.0,1190.0,0.0,0.0,601.0
0.0,27949.0,1194.0,0.0,0.0,601.0
0.0,27972.0,1193.0,0.0,0.0,601.0
0.0,28001.0,1194.0,0.0,0.0,601.0
0.0,28023.0,1194.0,0.0,0.0,601.0
0.0,28035.0,1198.0,0.0,0.0,601.0
0.0,28060.0,1191.0,0.0,0.0,601.0
0.0,28071.0,1204.0,0.0,0.0,601.0
0.0,28091.0,1211.0,0.0,0.0,601.0
0.0,28114.0,1209.0,0.0,0.0,601.0
0.0,28128.0,1212.0,0.0,0.0,601.0
0.0,28144.0,1210.0,0.0,0.0,601.0
0.0,28145.0,1209.0,0.0,0.0,601.0
0.0,28179.0,1219.0,0.0,0.0,601.0
0.0,28217.0,1215.0,0.0,0.0,601.0
0.0,28246.0,1222.0,0.0,0.0,601.0
0.0,28287.0,1223.0,0.0,0.0,601.0
0.0,28323.0,1222.0,0.0,0.0,601.0
0.0,28352.0,1220.0,0.0,0.0,601.0
0.0,28390.0,1208.0,0.0,0.0,601.0
0.0,28423.0,1209.0,0.0,0.0,601.0
0.0,28454.0,1205.0,0.0,0.0,601.0
0.0,28484.0,1203.0,0.0,0.0,601.0
0.0,28517.0,1200.0,0.0,0.0,601.0
0.0,28549.0,1192.0,0.0,0.0,601.0
0.0,28566.0,1197.0,0.0,0.0,601.0
0.0,28601.0,1188.0,0.0,0.0,601.0
0.0,28625.0,1187.0,0.0,0.0,601.0
0.0,28652.0,1189.0,0.0,0.0,601.0
0.0,28682.0,1186.0,0.0,0.0,601.0
0.0,28690.0,1196.0,0.0,0.0,601.0
0.0,28712.0,1197.0,0.0,0.0,601.0
0.0,28725.0,1204.0,0.0,0.0,601.0
0.0,28753.0,1199.0,0.0,0.0,601.0
0.0,28774.0,1204.0,0.0,0.0,601.0
0.0,28797.0,1202.0,0.0,0.0,601.0
0.0,28797.0,1202.0,0.0,0.0,601.0
0.0,28845.0,1197.0,0.0,0.0,601.0
0.0,28873.0,1207.0,0.0,0.0,601.0
0.0,28898.0,1204.0,0.0,0.0,601.0
0.0,28933.0,1204.0,0.0,0.0,601.0
0.0,28969.0,1201.0,0.0,0.0,601.0
0.0,28996.0,1205.0,0.0,0.0,601.0
0.0,29027.0,1209.0,0.0,0.0,601.0
0.0,29055.0,1210.0,0.0,0.0,601.0
0.0,29089.0,1204.0,0.0,0.0,601.0
0.0,29116.0,1209.0,0.0,0.0,601.0
0.0,29139.0,1212.0,0.0,0.0,601.0
0.0,29153.0,1220.0,0.0,0.0,601.0
0.0,29178.0,1228.0,0.0,0.0,601.0
0.0,29200.0,1230.0,0.0,0.0,601.0
0.0,29239.0,1221.0,0.0,0.0,601.0
0.0,29269.0,1218.0,0.0,0.0,601.0
0.0,29291.0,1219.0,0.0,0.0,601.0
0.0,29306.0,1217.0,0.0,0.0,601.0
0.0,29328.0,1218.0,0.0,0.0,601.0
0.0,29352.0,1211.0,0.0,0.0,601.0
0.0,29371.0,1211.0,0.0,0.0,601.0
0.0,29384.0,1218.0,0.0,0.0,601.0
0.0,29400.0,1226.0,0.0,0.0,601.0
0.0,29400.0,1226.0,0.0,0.0,601.0
0.0,29438.0,1226.0,0.0,0.0,601.0
0.0,29459.0,1234.0,0.0,0.0,601.0
0.0,29512.0,1227.0,0.0,0.0,601.0
0.0,29543.0,1234.0,0.0,0.0,601.0
0.0,29589.0,1226.0,0.0,0.0,601.0
0.0,29608.0,1233.0,0.0,0.0,601.0
0.0,29632.0,1236.0,0.0,0.0,601.0
0.0,29660.0,1237.0,0.0,0.0,601.0
0.0,29670.0,1255.0,0.0,0.0,601.0
0.0,29687.0,1269.0,0.0,0.0,601.0
0.0,29705.0,1275.0,0.0,0.0,601.0
0.0,29720.0,1285.0,0.0,0.0,601.0
0.0,29757.0,1282.0,0.0,0.0,601.0
0.0,29787.0,1283.0,0.0,0.0,601.0
0.0,29801.0,1287.0,0.0,0.0,601.0
0.0,29829.0,1283.0,0.0,0.0,601.0
0.0,29843.0,1298.0,0.0,0.0,601.0
0.0,29878.0,1289.0,0.0,0.0,601.0
0.0,29896.0,1296.0,0.0,0.0,601.0
0.0,29916.0,1293.0,0.0,0.0,601.0
0.0,29945.0,1295.0,0.0,0.0,601.0
0.0,29959.0,1299.0,0.0,0.0,601.0
0.0,29969.0,1307.0,0.0,0.0,601.0
0.0,29969.0,1307.0,0.0,0.0,601.0
0.0,30014.0,1306.0,0.0,0.0,601.0
0.0,30062.0,1301.0,0.0,0.0,601.0
0.0,30100.0,1301.0,0.0,0.0,601.0
0.0,30133.0,1301.0,0.0,0.0,601.0
0.0,30174.0,1298.0,0.0,0.0,601.0
0.0,30205.0,1294.0,0.0,0.0,601.0
0.0,30234.0,1307.0,0.0,0.0,601.0
0.0,30264.0,1310.0,0.0,0.0,601.0
0.0,30287.0,1324.0,0.0,0.0,601.0
0.0,30326.0,1317.0,0.0,0.0,601.0
0.0,30354.0,1321.0,0.0,0.0,601.0
0.0,30383.0,1315.0,0.0,0.0,601.0
0.0,30409.0,1323.0,0.0,0.0,601.0
0.0,30429.0,1329.0,0.0,0.0,601.0
0.0,30449.0,1323.0,0.0,0.0,601.0
0.0,30482.0,1318.0,0.0,0.0,601.0
0.0,30518.0,1308.0,0.0,0.0,601.0
0.0,30530.0,1313.0,0.0,0.0,601.0
0.0,30531.0,1327.0,0.0,0.0,601.0
0.0,30555.0,1318.0,0.0,0.0,601.0
0.0,30560.0,1330.0,0.0,0.0,601.0
0.0,30585.0,1326.0,0.0,0.0,601.0
0.0,30604.0,1326.0,0.0,0.0,601.0
0.0,30604.0,1326.0,0.0,0.0,601.0
0.0,30636.0,1327.0,0.0,0.0,601.0
0.0,30686.0,1322.0,0.0,0.0,601.0
0.0,30716.0,1319.0,0.0,0.0,601.0
0.0,30754.0,1321.0,0.0,0.0,601.0
0.0,30802.0,1310.0,0.0,0.0,601.0
0.0,30844.0,1312.0,0.0,0.0,601.0
0.0,30871.0,1312.0,0.0,0.0,601.0
0.0,30900.0,1317.0,0.0,0.0,601.0
0.0,30930.0,1317.0,0.0,0.0,601.0
0.0,30962.0,1323.0,0.0,0.0,601.0
0.0,30978.0,1330.0,0.0,0.0,601.0
0.0,31011.0,1324.0,0.0,0.0,601.0
0.0,31024.0,1331.0,0.0,0.0,601.0
0.0,31056.0,1324.0,0.0,0.0,601.0
0.0,31077.0,1329.0,0.0,0.0,601.0
0.0,31092.0,1343.0,0.0,0.0,601.0
0.0,31120.0,1340.0,0.0,0.0,601.0
0.0,31135.0,1347.0,0.0,0.0,601.0
0.0,31154.0,1353.0,0.0,0.0,601.0
0.0,31176.0,1348.0,0.0,0.0,601.0
0.0,31205.0,1342.0,0.0,0.0,601.0
0.0,31227.0,1347.0,0.0,0.0,601.0
0.0,31254.0,1336.0,0.0,0.0,601.0
0.0,31253.0,1337.0,0.0,0.0,601.0
0.0,31293.0,1335.0,0.0,0.0,601.0
0.0,31319.0,1341.0,0.0,0.0,601.0
0.0,31339.0,1356.0,0.0,0.0,601.0
0.0,31374.0,1356.0,0.0,0.0,601.0
0.0,31415.0,1356.0,0.0,0.0,601.0
0.0,31457.0,1348.0,0.0,0.0,601.0
0.0,31492.0,1347.0,0.0,0.0,601.0
0.0,31513.0,1347.0,0.0,0.0,601.0
0.0,31515.0,1364.0,0.0,0.0,601.0
0.0,31546.0,1358.0,0.0,0.0,601.0
0.0,31571.0,1363.0,0.0,0.0,601.0
0.0,31597.0,1373.0,0.0,0.0,601.0
0.0,31628.0,1375.0,0.0,0.0,601.0
0.0,31649.0,1384.0,0.0,0.0,601.0
0.0,31663.0,1392.0,0.0,0.0,601.0
0.0,31686.0,1397.0,0.0,0.0,601.0
0.0,31702.0,1401.0,0.0,0.0,601.0
0.0,31733.0,1396.0,0.0,0.0,601.0
0.0,31755.0,1397.0,0.0,0.0,601.0
0.0,31783.0,1399.0,0.0,0.0,601.0
0.0,31822.0,1387.0,0.0,0.0,601.0
0.0,31846.0,1382.0,0.0,0.0,601.0
0.0,31873.0,1369.0,0.0,0.0,601.0
0.0,31873.0,1369.0,0.0,0.0,601.0
0.0,31898.0,1368.0,0.0,0.0,601.0
0.0,31948.0,1354.0,0.0,0.0,601.0
0.0,31981.0,1357.0,0.0,0.0,601.0
0.0,32005.0,1367.0,0.0,0.0,601.0
0.0,32048.0,1358.0,0.0,0.0,601.0
0.0,32095.0,1351.0,0.0,0.0,601.0
0.0,32122.0,1351.0,0.0,0.0,601.0
0.0,32139.0,1361.0,0.0,0.0,601.0
0.0,32176.0,1355.0,0.0,0.0,601.0
0.0,32228.0,1352.0,0.0,0.0,601.0
0.0,32262.0,1362.0,0.0,0.0,601.0
0.0,32294.0,1362.0,0.0,0.0,601.0
0.0,32331.0,1362.0,0.0,0.0,601.0
0.0,32359.0,1369.0,0.0,0.0,601.0
0.0,32378.0,1369.0,0.0,0.0,601.0
0.0,32390.0,1379.0,0.0,0.0,601.0
0.0,32420.0,1376.0,0.0,0.0,601.0
0.0,32442.0,1378.0,0.0,0.0,601.0
0.0,32463.0,1381.0,0.0,0.0,601.0
0.0,32485.0,1377.0,0.0,0.0,601.0
0.0,32504.0,1382.0,0.0,0.0,601.0
0.0,32507.0,1397.0,0.0,0.0,601.0
0.0,32526.0,1393.0,0.0,0.0,601.0
0.0,32526.0,1393.0,0.0,0.0,601.0
0.0,32548.0,1402.0,0.0,0.0,601.0
0.0,32582.0,1412.0,0.0,0.0,601.0
0.0,32601.0,1421.0,0.0,0.0,601.0
0.0,32626.0,1432.0,0.0,0.0,601.0
0.0,32651.0,1435.0,0.0,0.0,601.0
0.0,32681.0,1437.0,0.0,0.0,601.0
0.0,32708.0,1441.0,0.0,0.0,601.0
0.0,32749.0,1429.0,0.0,0.0,601.0
0.0,32786.0,1426.0,0.0,0.0,601.0
0.0,32810.0,1428.0,0.0,0.0,601.0
0.0,32849.0,1423.0,0.0,0.0,601.0
0.0,32876.0,1431.0,0.0,0.0,601.0
0.0,32884.0,1443.0,0.0,0.0,601.0
0.0,32909.0,1450.0,0.0,0.0,601.0
0.0,32937.0,1450.0,0.0,0.0,601.0
0.0,32964.0,1442.0,0.0,0.0,601.0
0.0,32991.0,1438.0,0.0,0.0,601.0
0.0,33016.0,1443.0,0.0,0.0,601.0
0.0,33041.0,1449.0,0.0,0.0,601.0
0.0,33053.0,1455.0,0.0,0.0,601.0
0.0,33077.0,1455.0,0.0,0.0,601.0
0.0,33094.0,1458.0,0.0,0.0,601.0
0.0,33107.0,1467.0,0.0,0.0,601.0
0.0,33108.0,1467.0,0.0,0.0,601.0
0.0,33156.0,1461.0,0.0,0.0,601.0
0.0,33182.0,1467.0,0.0,0.0,601.0
0.0,33234.0,1459.0,0.0,0.0,601.0
0.0,33265.0,1465.0,0.0,0.0,601.0
0.0,33301.0,1472.0,0.0,0.0,601.0
0.0,33340.0,1470.0,0.0,0.0,601.0
0.0,33362.0,1479.0,0.0,0.0,601.0
0.0,33392.0,1485.0,0.0,0.0,601.0
0.0,33432.0,1476.0,0.0,0.0,601.0
0.0,33450.0,1480.0,0.0,0.0,601.0
0.0,33485.0,1479.0,0.0,0.0,601.0
0.0,33503.0,1485.0,0.0,0.0,601.0
0.0,33519.0,1492.0,0.0,0.0,601.0
0.0,33548.0,1483.0,0.0,0.0,601.0
0.0,33561.0,1493.0,0.0,0.0,601.0
0.0,33586.0,1498.0,0.0,0.0,601.0
0.0,33611.0,1500.0,0.0,0.0,601.0
0.0,33625.0,1511.0,0.0,0.0,601.0
0.0,33664.0,1503.0,0.0,0.0,601.0
0.0,33684.0,1517.0,0.0,0.0,601.0
0.0,33702.0,1514.0,0.0,0.0,601.0
0.0,33715.0,1514.0,0.0,0.0,601.0
0.0,33743.0,1509.0,0.0,0.0,601.0
0.0,33743.0,1509.0,0.0,0.0,601.0
0.0,33773.0,1511.0,0.0,0.0,601.0
0.0,33816.0,1504.0,0.0,0.0,601.0
0.0,33849.0,1507.0,0.0,0.0,601.0
0.0,33882.0,1505.0,0.0,0.0,601.0
0.0,33904.0,1513.0,0.0,0.0,601.0
0.0,33948.0,1512.0,0.0,0.0,601.0
0.0,33976.0,1509.0,0.0,0.0,601.0
0.0,33996.0,1521.0,0.0,0.0,601.0
0.0,34019.0,1522.0,0.0,0.0,601.0
0.0,34055.0,1519.0,0.0,0.0,601.0
0.0,34101.0,1508.0,0.0,0.0,601.0
0.0,34133.0,1507.0,0.0,0.0,601.0
0.0,34147.0,1527.0,0.0,0.0,601.0
0.0,34181.0,1521.0,0.0,0.0,601.0
0.0,34217.0,1518.0,0.0,0.0,601.0
0.0,34235.0,1523.0,0.0,0.0,601.0
0.0,34265.0,1519.0,0.0,0.0,601.0
0.0,34286.0,1524.0,0.0,0.0,601.0
0.0,34319.0,1524.0,0.0,0.0,601.0
0.0,34329.0,1536.0,0.0,0.0,601.0
0.0,34344.0,1537.0,0.0,0.0,601.0
0.0,34369.0,1536.0,0.0,0.0,601.0
0.0,34395.0,1531.0,0.0,0.0,601.0
0.0,34396.0,1531.0,0.0,0.0,601.0
0.0,34434.0,1530.0,0.0,0.0,601.0
0.0,34480.0,1531.0,0.0,0.0,601.0
0.0,34517.0,1536.0,0.0,0.0,601.0
0.0,34576.0,1519.0,0.0,0.0,601.0
0.0,34629.0,1515.0,0.0,0.0,601.0
0.0,34661.0,1506.0,0.0,0.0,601.0
0.0,34680.0,1517.0,0.0,0.0,601.0
0.0,34710.0,1515.0,0.0,0.0,601.0
0.0,34736.0,1513.0,0.0,0.0,601.0
0.0,34766.0,1513.0,0.0,0.0,601.0
0.0,34803.0,1514.0,0.0,0.0,601.0
0.0,34822.0,1520.0,0.0,0.0,601.0
0.0,34843.0,1527.0,0.0,0.0,601.0
0.0,34869.0,1530.0,0.0,0.0,601.0
0.0,34902.0,1527.0,0.0,0.0,601.0
0.0,34933.0,1522.0,0.0,0.0,601.0
0.0,34937.0,1536.0,0.0,0.0,601.0
0.0,34961.0,1537.0,0.0,0.0,601.0
0.0,34973.0,1544.0,0.0,0.0,601.0
0.0,34995.0,1551.0,0.0,0.0,601.0
0.0,35011.0,1557.0,0.0,0.0,601.0
0.0,35045.0,1554.0,0.0,0.0,601.0
0.0,35054.0,1563.0,0.0,0.0,601.0
0.0,35054.0,1563.0,0.0,0.0,601.0
0.0,35104.0,1559.0,0.0,0.0,601.0
0.0,35123.0,1578.0,0.0,0.0,601.0
0.0,35171.0,1580.0,0.0,0.0,601.0
0.0,35208.0,1582.0,0.0,0.0,601.0
0.0,35223.0,1598.0,0.0,0.0,601.0
0.0,35260.0,1601.0,0.0,0.0,601.0
0.0,35289.0,1607.0,0.0,0.0,601.0
0.0,35323.0,1603.0,0.0,0.0,601.0
0.0,35351.0,1612.0,0.0,0.0,601.0
0.0,35371.0,1619.0,0.0,0.0,601.0
0.0,35407.0,1621.0,0.0,0.0,601.0
0.0,35430.0,1621.0,0.0,0.0,601.0
0.0,35462.0,1622.0,0.0,0.0,601.0
0.0,35479.0,1626.0,0.0,0.0,601.0
0.0,35516.0,1618.0,0.0,0.0,601.0
0.0,35554.0,1614.0,0.0,0.0,601.0
0.0,35573.0,1620.0,0.0,0.0,601.0
0.0,35599.0,1625.0,0.0,0.0,601.0
0.0,35612.0,1634.0,0.0,0.0,601.0
0.0,35625.0,1639.0,0.0,0.0,601.0
0.0,35627.0,1659.0,0.0,0.0,601.0
0.0,35643.0,1657.0,0.0,0.0,601.0
0.0,35662.0,1659.0,0.0,0.0,601.0
0.0,35662.0,1659.0,0.0,0.0,601.0
0.0,35711.0,1653.0,0.0,0.0,601.0
0.0,35771.0,1638.0,0.0,0.0,601.0
0.0,35789.0,1648.0,0.0,0.0,601.0
0.0,35825.0,1641.0,0.0,0.0,601.0
0.0,35850.0,1655.0,0.0,0.0,601.0
0.0,35888.0,1653.0,0.0,0.0,601.0
0.0,35928.0,1648.0,0.0,0.0,601.0
0.0,35968.0,1645.0,0.0,0.0,601.0
0.0,36003.0,1650.0,0.0,0.0,601.0
0.0,36022.0,1658.0,0.0,0.0,601.0
0.0,36048.0,1662.0,0.0,0.0,601.0
0.0,36063.0,1673.0,0.0,0.0,601.0
0.0,36091.0,1682.0,0.0,0.0,601.0
0.0,36104.0,1697.0,0.0,0.0,601.0
0.0,36131.0,1700.0,0.0,0.0,601.0
0.0,36156.0,1701.0,0.0,0.0,601.0
0.0,36186.0,1698.0,0.0,0.0,601.0
0.0,36209.0,1699.0,0.0,0.0,601.0
0.0,36237.0,1700.0,0.0,0.0,601.0
0.0,36268.0,1693.0,0.0,0.0,601.0
0.0,36295.0,1684.0,0.0,0.0,601.0
0.0,36333.0,1669.0,0.0,0.0,601.0
0.0,36348.0,1671.0,0.0,0.0,601.0
0.0,36349.0,1670.0,0.0,0.0,601.0
0.0,36396.0,1667.0,0.0,0.0,601.0
0.0,36439.0,1660.0,0.0,0.0,601.0
0.0,36484.0,1656.0,0.0,0.0,601.0
0.0,36518.0,1659.0,0.0,0.0,601.0
0.0,36546.0,1661.0,0.0,0.0,601.0
0.0,36563.0,1673.0,0.0,0.0,601.0
0.0,36577.0,1686.0,0.0,0.0,601.0
0.0,36599.0,1701.0,0.0,0.0,601.0
0.0,36624.0,1714.0,0.0,0.0,601.0
0.0,36659.0,1711.0,0.0,0.0,601.0
0.0,36694.0,1705.0,0.0,0.0,601.0
0.0,36718.0,1712.0,0.0,0.0,601.0
0.0,36747.0,1707.0,0.0,0.0,601.0
0.0,36775.0,1704.0,0.0,0.0,601.0
0.0,36814.0,1702.0,0.0,0.0,601.0
0.0,36847.0,1704.0,0.0,0.0,601.0
0.0,36873.0,1700.0,0.0,0.0,601.0
0.0,36878.0,1717.0,0.0,0.0,601.0
0.0,36906.0,1715.0,0.0,0.0,601.0
0.0,36915.0,1729.0,0.0,0.0,601.0
0.0,36939.0,1729.0,0.0,0.0,601.0
0.0,36965.0,1732.0,0.0,0.0,601.0
0.0,36989.0,1737.0,0.0,0.0,601.0
0.0,36989.0,1737.0,0.0,0.0,601.0
0.0,37024.0,1739.0,0.0,0.0,601.0
0.0,37061.0,1742.0,0.0,0.0,601.0
0.0,37098.0,1745.0,0.0,0.0,601.0
0.0,37133.0,1746.0,0.0,0.0,601.0
0.0,37183.0,1754.0,0.0,0.0,601.0
0.0,37219.0,1753.0,0.0,0.0,601.0
0.0,37251.0,1754.0,0.0,0.0,601.0
0.0,37278.0,1764.0,0.0,0.0,601.0
0.0,37297.0,1772.0,0.0,0.0,601.0
0.0,37343.0,1763.0,0.0,0.0,601.0
0.0,37369.0,1772.0,0.0,0.0,601.0
0.0,37405.0,1772.0,0.0,0.0,601.0
0.0,37443.0,1763.0,0.0,0.0,601.0
0.0,37468.0,1772.0,0.0,0.0,601.0
0.0,37488.0,1778.0,0.0,0.0,601.0
0.0,37512.0,1778.0,0.0,0.0,601.0
0.0,37537.0,1773.0,0.0,0.0,601.0
0.0,37559.0,1776.0,0.0,0.0,601.0
0.0,37578.0,1772.0,0.0,0.0,601.0
0.0,37599.0,1771.0,0.0,0.0,601.0
0.0,37613.0,1779.0,0.0,0.0,601.0
0.0,37634.0,1785.0,0.0,0.0,601.0
0.0,37643.0,1790.0,0.0,0.0,601.0
0.0,37643.0,1791.0,0.0,0.0,601.0
0.0,37691.0,1791.0,0.0,0.0,601.0
0.0,37745.0,1790.0,0.0,0.0,601.0
0.0,37776.0,1798.0,0.0,0.0,601.0
0.0,37816.0,1796.0,0.0,0.0,601.0
0.0,37844.0,1801.0,0.0,0.0,601.0
0.0,37897.0,1792.0,0.0,0.0,601.0
0.0,37933.0,1793.0,0.0,0.0,601.0
0.0,37953.0,1798.0,0.0,0.0,601.0
0.0,37986.0,1797.0,0.0,0.0,601.0
0.0,38018.0,1797.0,0.0,0.0,601.0
0.0,38039.0,1805.0,0.0,0.0,601.0
0.0,38078.0,1802.0,0.0,0.0,601.0
0.0,38122.0,1795.0,0.0,0.0,601.0
0.0,38147.0,1801.0,0.0,0.0,601.0
0.0,38164.0,1813.0,0.0,0.0,601.0
0.0,38183.0,1813.0,0.0,0.0,601.0
0.0,38210.0,1815.0,0.0,0.0,601.0
0.0,38224.0,1823.0,0.0,0.0,601.0
0.0,38255.0,1817.0,0.0,0.0,601.0
0.0,38277.0,1819.0,0.0,0.0,601.0
0.0,38305.0,1815.0,0.0,0.0,601.0
0.0,38348.0,1801.0,0.0,0.0,601.0
0.0,38368.0,1799.0,0.0,0.0,601.0
0.0,38368.0,1799.0,0.0,0.0,601.0
0.0,38375.0,1823.0,0.0,0.0,601.0
0.0,38415.0,1818.0,0.0,0.0,601.0
0.0,38454.0,1822.0,0.0,0.0,601.0
0.0,38491.0,1827.0,0.0,0.0,601.0
0.0,38543.0,1821.0,0.0,0.0,601.0
0.0,38575.0,1825.0,0.0,0.0,601.0
0.0,38600.0,1828.0,0.0,0.0,601.0
0.0,38647.0,1825.0,0.0,0.0,601.0
0.0,38691.0,1815.0,0.0,0.0,601.0
0.0,38718.0,1821.0,0.0,0.0,601.0
0.0,38750.0,1827.0,0.0,0.0,601.0
0.0,38779.0,1822.0,0.0,0.0,601.0
0.0,38813.0,1831.0,0.0,0.0,601.0
0.0,38841.0,1831.0,0.0,0.0,601.0
0.0,38873.0,1832.0,0.0,0.0,601.0
0.0,38894.0,1834.0,0.0,0.0,601.0
0.0,38923.0,1831.0,0.0,0.0,601.0
0.0,38948.0,1840.0,0.0,0.0,601.0
0.0,38947.0,1866.0,0.0,0.0,601.0
0.0,38965.0,1869.0,0.0,0.0,601.0
0.0,38993.0,1868.0,0.0,0.0,601.0
0.0,39004.0,1875.0,0.0,0.0,601.0
0.0,39016.0,1886.0,0.0,0.0,601.0
0.0,39017.0,1885.0,0.0,0.0,601.0
0.0,39072.0,1871.0,0.0,0.0,601.0
0.0,39114.0,1869.0,0.0,0.0,601.0
0.0,39145.0,1874.0,0.0,0.0,601.0
0.0,39176.0,1884.0,0.0,0.0,601.0
0.0,39224.0,1888.0,0.0,0.0,601.0
0.0,39267.0,1884.0,0.0,0.0,601.0
0.0,39286.0,1886.0,0.0,0.0,601.0
0.0,39316.0,1886.0,0.0,0.0,601.0
0.0,39357.0,1876.0,0.0,0.0,601.0
0.0,39380.0,1886.0,0.0,0.0,601.0
0.0,39398.0,1903.0,0.0,0.0,601.0
0.0,39422.0,1913.0,0.0,0.0,601.0
0.0,39471.0,1904.0,0.0,0.0,601.0
0.0,39490.0,1915.0,0.0,0.0,601.0
0.0,39518.0,1915.0,0.0,0.0,601.0
0.0,39546.0,1916.0,0.0,0.0,601.0
0.0,39573.0,1917.0,0.0,0.0,601.0
0.0,39591.0,1921.0,0.0,0.0,601.0
0.0,39610.0,1928.0,0.0,0.0,601.0
0.0,39630.0,1932.0,0.0,0.0,601.0
0.0,39674.0,1925.0,0.0,0.0,601.0
0.0,39699.0,1922.0,0.0,0.0,601.0
0.0,39742.0,1904.0,0.0,0.0,601.0
0.0,39744.0,1903.0,0.0,0.0,601.0
0.0,39783.0,1907.0,0.0,0.0,601.0
0.0,39798.0,1926.0,0.0,0.0,601.0
0.0,39854.0,1912.0,0.0,0.0,601.0
0.0,39884.0,1922.0,0.0,0.0,601.0
0.0,39922.0,1921.0,0.0,0.0,601.0
0.0,39958.0,1925.0,0.0,0.0,601.0
0.0,40003.0,1922.0,0.0,0.0,601.0
0.0,40052.0,1921.0,0.0,0.0,601.0
0.0,40088.0,1919.0,0.0,0.0,601.0
0.0,40122.0,1915.0,0.0,0.0,601.0
0.0,40157.0,1911.0,0.0,0.0,601.0
0.0,40183.0,1915.0,0.0,0.0,601.0
0.0,40225.0,1911.0,0.0,0.0,601.0
0.0,40249.0,1912.0,0.0,0.0,601.0
0.0,40278.0,1907.0,0.0,0.0,601.0
0.0,40316.0,1899.0,0.0,0.0,601.0
0.0,40326.0,1912.0,0.0,0.0,601.0
0.0,40344.0,1921.0,0.0,0.0,601.0
0.0,40364.0,1936.0,0.0,0.0,601.0
0.0,40381.0,1935.0,0.0,0.0,601.0
0.0,40414.0,1934.0,0.0,0.0,601.0
0.0,40431.0,1944.0,0.0,0.0,601.0
0.0,40453.0,1948.0,0.0,0.0,601.0
0.0,40453.0,1948.0,0.0,0.0,601.0
0.0,40500.0,1942.0,0.0,0.0,601.0
0.0,40524.0,1956.0,0.0,0.0,601.0
0.0,40556.0,1949.0,0.0,0.0,601.0
0.0,40606.0,1942.0,0.0,0.0,601.0
0.0,40628.0,1958.0,0.0,0.0,601.0
0.0,40669.0,1955.0,0.0,0.0,601.0
0.0,40689.0,1966.0,0.0,0.0,601.0
0.0,40711.0,1979.0,0.0,0.0,601.0
0.0,40748.0,1973.0,0.0,0.0,601.0
0.0,40786.0,1976.0,0.0,0.0,601.0
0.0,40800.0,1986.0,0.0,0.0,601.0
0.0,40832.0,1994.0,0.0,0.0,601.0
0.0,40862.0,1994.0,0.0,0.0,601.0
0.0,40904.0,1986.0,0.0,0.0,601.0
0.0,40954.0,1973.0,0.0,0.0,601.0
0.0,40987.0,1971.0,0.0,0.0,601.0
0.0,41000.0,1986.0,0.0,0.0,601.0
0.0,41028.0,1991.0,0.0,0.0,601.0
0.0,41042.0,2004.0,0.0,0.0,601.0
0.0,41082.0,2000.0,0.0,0.0,601.0
0.0,41093.0,2012.0,0.0,0.0,601.0
0.0,41114.0,2008.0,0.0,0.0,601.0
0.0,41137.0,2010.0,0.0,0.0,601.0
0.0,41137.0,2010.0,0.0,0.0,601.0
0.0,41182.0,2000.0,0.0,0.0,601.0
0.0,41236.0,1995.0,0.0,0.0,601.0
0.0,41271.0,1994.0,0.0,0.0,601.0
0.0,41324.0,1989.0,0.0,0.0,601.0
0.0,41346.0,2003.0,0.0,0.0,601.0
0.0,41405.0,1997.0,0.0,0.0,601.0
0.0,41451.0,1998.0,0.0,0.0,601.0
0.0,41487.0,1997.0,0.0,0.0,601.0
0.0,41516.0,2004.0,0.0,0.0,601.0
0.0,41555.0,2006.0,0.0,0.0,601.0
0.0,41586.0,2010.0,0.0,0.0,601.0
0.0,41595.0,2034.0,0.0,0.0,601.0
0.0,41611.0,2044.0,0.0,0.0,601.0
0.0,41637.0,2044.0,0.0,0.0,601.0
0.0,41667.0,2046.0,0.0,0.0,601.0
0.0,41693.0,2052.0,0.0,0.0,601.0
0.0,41730.0,2045.0,0.0,0.0,601.0
0.0,41751.0,2054.0,0.0,0.0,601.0
0.0,41766.0,2063.0,0.0,0.0,601.0
0.0,41783.0,2062.0,0.0,0.0,601.0
0.0,41798.0,2063.0,0.0,0.0,601.0
0.0,41815.0,2069.0,0.0,0.0,601.0
0.0,41863.0,2051.0,0.0,0.0,601.0
0.0,41863.0,2051.0,0.0,0.0,601.0
0.0,41889.0,2063.0,0.0,0.0,601.0
0.0,41932.0,2066.0,0.0,0.0,601.0
0.0,41980.0,2054.0,0.0,0.0,601.0
0.0,42018.0,2054.0,0.0,0.0,601.0
0.0,42059.0,2057.0,0.0,0.0,601.0
0.0,42099.0,2057.0,0.0,0.0,601.0
0.0,42126.0,2066.0,0.0,0.0,601.0
0.0,42170.0,2060.0,0.0,0.0,601.0
0.0,42209.0,2064.0,0.0,0.0,601.0
0.0,42225.0,2078.0,0.0,0.0,601.0
0.0,42247.0,2090.0,0.0,0.0,601.0
0.0,42268.0,2089.0,0.0,0.0,601.0
0.0,42292.0,2094.0,0.0,0.0,601.0
0.0,42324.0,2099.0,0.0,0.0,601.0
0.0,42339.0,2119.0,0.0,0.0,601.0
0.0,42379.0,2111.0,0.0,0.0,601.0
0.0,42400.0,2118.0,0.0,0.0,601.0
0.0,42428.0,2117.0,0.0,0.0,601.0
0.0,42448.0,2121.0,0.0,0.0,601.0
0.0,42481.0,2120.0,0.0,0.0,601.0
0.0,42505.0,2119.0,0.0,0.0,601.0
0.0,42536.0,2117.0,0.0,0.0,601.0
0.0,42569.0,2113.0,0.0,0.0,601.0
0.0,42569.0,2113.0,0.0,0.0,601.0
0.0,42620.0,2108.0,0.0,0.0,601.0
0.0,42674.0,2105.0,0.0,0.0,601.0
0.0,42732.0,2092.0,0.0,0.0,601.0
0.0,42763.0,2100.0,0.0,0.0,601.0
0.0,42791.0,2110.0,0.0,0.0,601.0
0.0,42815.0,2130.0,0.0,0.0,601.0
0.0,42832.0,2147.0,0.0,0.0,601.0
0.0,42861.0,2155.0,0.0,0.0,601.0
0.0,42899.0,2154.0,0.0,0.0,601.0
0.0,42912.0,2171.0,0.0,0.0,601.0
0.0,42959.0,2157.0,0.0,0.0,601.0
0.0,43007.0,2148.0,0.0,0.0,601.0
0.0,43037.0,2154.0,0.0,0.0,601.0
0.0,43068.0,2148.0,0.0,0.0,601.0
0.0,43084.0,2156.0,0.0,0.0,601.0
0.0,43111.0,2159.0,0.0,0.0,601.0
0.0,43151.0,2158.0,0.0,0.0,601.0
0.0,43174.0,2163.0,0.0,0.0,601.0
0.0,43199.0,2160.0,0.0,0.0,601.0
0.0,43198.0,2184.0,0.0,0.0,601.0
0.0,43213.0,2193.0,0.0,0.0,601.0
0.0,43230.0,2202.0,0.0,0.0,601.0
0.0,43252.0,2202.0,0.0,0.0,601.0
0.0,43252.0,2202.0,0.0,0.0,601.0
0.0,43305.0,2193.0,0.0,0.0,601.0
0.0,43333.0,2205.0,0.0,0.0,601.0
0.0,43375.0,2203.0,0.0,0.0,601.0
0.0,43424.0,2193.0,0.0,0.0,601.0
0.0,43462.0,2199.0,0.0,0.0,601.0
0.0,43493.0,2198.0,0.0,0.0,601.0
0.0,43546.0,2184.0,0.0,0.0,601.0
0.0,43589.0,2183.0,0.0,0.0,601.0
0.0,43614.0,2195.0,0.0,0.0,601.0
0.0,43643.0,2204.0,0.0,0.0,601.0
0.0,43683.0,2204.0,0.0,0.0,601.0
0.0,43717.0,2210.0,0.0,0.0,601.0
0.0,43761.0,2202.0,0.0,0.0,601.0
0.0,43799.0,2198.0,0.0,0.0,601.0
0.0,43821.0,2209.0,0.0,0.0,601.0
0.0,43835.0,2223.0,0.0,0.0,601.0
0.0,43868.0,2219.0,0.0,0.0,601.0
0.0,43883.0,2225.0,0.0,0.0,601.0
0.0,43913.0,2216.0,0.0,0.0,601.0
0.0,43941.0,2220.0,0.0,0.0,601.0
0.0,43949.0,2230.0,0.0,0.0,601.0
0.0,43952.0,2246.0,0.0,0.0,601.0
0.0,43958.0,2259.0,0.0,0.0,601.0
0.0,43959.0,2258.0,0.0,0.0,601.0
0.0,43981.0,2272.0,0.0,0.0,601.0
0.0,44055.0,2250.0,0.0,0.0,601.0
0.0,44093.0,2248.0,0.0,0.0,601.0
0.0,44129.0,2250.0,0.0,0.0,601.0
0.0,44193.0,2234.0,0.0,0.0,601.0
0.0,44250.0,2226.0,0.0,0.0,601.0
0.0,44300.0,2220.0,0.0,0.0,601.0
0.0,44347.0,2216.0,0.0,0.0,601.0
0.0,44371.0,2228.0,0.0,0.0,601.0
0.0,44418.0,2217.0,0.0,0.0,601.0
0.0,44445.0,2215.0,0.0,0.0,601.0
0.0,44501.0,2200.0,0.0,0.0,601.0
0.0,44526.0,2208.0,0.0,0.0,601.0
0.0,44555.0,2202.0,0.0,0.0,601.0
0.0,44588.0,2203.0,0.0,0.0,601.0
0.0,44609.0,2213.0,0.0,0.0,601.0
0.0,44627.0,2218.0,0.0,0.0,601.0
0.0,44654.0,2221.0,0.0,0.0,601.0
0.0,44677.0,2222.0,0.0,0.0,601.0
0.0,44711.0,2217.0,0.0,0.0,601.0
0.0,44717.0,2237.0,0.0,0.0,601.0
0.0,44729.0,2244.0,0.0,0.0,601.0
0.0,44759.0,2249.0,0.0,0.0,601.0
0.0,44759.0,2249.0,0.0,0.0,601.0
0.0,44807.0,2250.0,0.0,0.0,601.0
0.0,44852.0,2257.0,0.0,0.0,601.0
0.0,44900.0,2257.0,0.0,0.0,601.0
0.0,44941.0,2251.0,0.0,0.0,601.0
0.0,44982.0,2253.0,0.0,0.0,601.0
0.0,45025.0,2259.0,0.0,0.0,601.0
0.0,45072.0,2267.0,0.0,0.0,601.0
0.0,45101.0,2275.0,0.0,0.0,601.0
0.0,45125.0,2280.0,0.0,0.0,601.0
0.0,45142.0,2293.0,0.0,0.0,601.0
0.0,45168.0,2298.0,0.0,0.0,601.0
0.0,45204.0,2288.0,0.0,0.0,601.0
0.0,45234.0,2301.0,0.0,0.0,601.0
0.0,45264.0,2301.0,0.0,0.0,601.0
0.0,45286.0,2304.0,0.0,0.0,601.0
0.0,45323.0,2298.0,0.0,0.0,601.0
0.0,45352.0,2303.0,0.0,0.0,601.0
0.0,45379.0,2305.0,0.0,0.0,601.0
0.0,45396.0,2313.0,0.0,0.0,601.0
0.0,45424.0,2316.0,0.0,0.0,601.0
0.0,45449.0,2315.0,0.0,0.0,601.0
0.0,45481.0,2303.0,0.0,0.0,601.0
0.0,45490.0,2312.0,0.0,0.0,601.0
0.0,45491.0,2312.0,0.0,0.0,601.0
0.0,45554.0,2308.0,0.0,0.0,601.0
0.0,45577.0,2323.0,0.0,0.0,601.0
0.0,45616.0,2331.0,0.0,0.0,601.0
0.0,45650.0,2335.0,0.0,0.0,601.0
0.0,45680.0,2343.0,0.0,0.0,601.0
0.0,45716.0,2341.0,0.0,0.0,601.0
0.0,45762.0,2344.0,0.0,0.0,601.0
0.0,45797.0,2352.0,0.0,0.0,601.0
0.0,45833.0,2357.0,0.0,0.0,601.0
0.0,45887.0,2355.0,0.0,0.0,601.0
0.0,45905.0,2369.0,0.0,0.0,601.0
0.0,45913.0,2386.0,0.0,0.0,601.0
0.0,45945.0,2385.0,0.0,0.0,601.0
0.0,45968.0,2399.0,0.0,0.0,601.0
0.0,45998.0,2400.0,0.0,0.0,601.0
0.0,46023.0,2399.0,0.0,0.0,601.0
0.0,46048.0,2395.0,0.0,0.0,601.0
0.0,46071.0,2399.0,0.0,0.0,601.0
0.0,46102.0,2400.0,0.0,0.0,601.0
0.0,46120.0,2397.0,0.0,0.0,601.0
0.0,46152.0,2400.0,0.0,0.0,601.0
0.0,46180.0,2393.0,0.0,0.0,601.0
0.0,46203.0,2395.0,0.0,0.0,601.0
0.0,46203.0,2395.0,0.0,0.0,601.0
0.0,46249.0,2391.0,0.0,0.0,601.0
0.0,46323.0,2375.0,0.0,0.0,601.0
0.0,46354.0,2380.0,0.0,0.0,601.0
0.0,46391.0,2379.0,0.0,0.0,601.0
0.0,46435.0,2377.0,0.0,0.0,601.0
0.0,46457.0,2390.0,0.0,0.0,601.0
0.0,46506.0,2379.0,0.0,0.0,601.0
0.0,46557.0,2379.0,0.0,0.0,601.0
0.0,46595.0,2376.0,0.0,0.0,601.0
0.0,46618.0,2393.0,0.0,0.0,601.0
0.0,46644.0,2402.0,0.0,0.0,601.0
0.0,46676.0,2402.0,0.0,0.0,601.0
0.0,46711.0,2398.0,0.0,0.0,601.0
0.0,46751.0,2396.0,0.0,0.0,601.0
0.0,46787.0,2400.0,0.0,0.0,601.0
0.0,46829.0,2396.0,0.0,0.0,601.0
0.0,46850.0,2410.0,0.0,0.0,601.0
0.0,46877.0,2414.0,0.0,0.0,601.0
0.0,46897.0,2413.0,0.0,0.0,601.0
0.0,46914.0,2421.0,0.0,0.0,601.0
0.0,46930.0,2428.0,0.0,0.0,601.0
0.0,46934.0,2437.0,0.0,0.0,601.0
0.0,46976.0,2427.0,0.0,0.0,601.0
0.0,46976.0,2427.0,0.0,0.0,601.0
0.0,47013.0,2433.0,0.0,0.0,601.0
0.0,47055.0,2431.0,0.0,0.0,601.0
0.0,47104.0,2428.0,0.0,0.0,601.0
0.0,47155.0,2432.0,0.0,0.0,601.0
0.0,47201.0,2430.0,0.0,0.0,601.0
0.0,47219.0,2452.0,0.0,0.0,601.0
0.0,47273.0,2440.0,0.0,0.0,601.0
0.0,47320.0,2432.0,0.0,0.0,601.0
0.0,47352.0,2441.0,0.0,0.0,601.0
0.0,47391.0,2437.0,0.0,0.0,601.0
0.0,47415.0,2444.0,0.0,0.0,601.0
0.0,47445.0,2442.0,0.0,0.0,601.0
0.0,47487.0,2438.0,0.0,0.0,601.0
0.0,47516.0,2434.0,0.0,0.0,601.0
0.0,47542.0,2433.0,0.0,0.0,601.0
0.0,47573.0,2437.0,0.0,0.0,601.0
0.0,47610.0,2434.0,0.0,0.0,601.0
0.0,47652.0,2428.0,0.0,0.0,601.0
0.0,47681.0,2422.0,0.0,0.0,601.0
0.0,47722.0,2417.0,0.0,0.0,601.0
0.0,47727.0,2437.0,0.0,0.0,601.0
0.0,47764.0,2429.0,0.0,0.0,601.0
0.0,47789.0,2429.0,0.0,0.0,601.0
0.0,47789.0,2429.0,0.0,0.0,601.0
0.0,47841.0,2423.0,0.0,0.0,601.0
0.0,47870.0,2452.0,0.0,0.0,601.0
0.0,47916.0,2449.0,0.0,0.0,601.0
0.0,47953.0,2449.0,0.0,0.0,601.0
0.0,48011.0,2440.0,0.0,0.0,601.0
0.0,48053.0,2449.0,0.0,0.0,601.0
0.0,48083.0,2454.0,0.0,0.0,601.0
0.0,48121.0,2452.0,0.0,0.0,601.0
0.0,48153.0,2459.0,0.0,0.0,601.0
0.0,48173.0,2470.0,0.0,0.0,601.0
0.0,48207.0,2475.0,0.0,0.0,601.0
0.0,48236.0,2475.0,0.0,0.0,601.0
0.0,48259.0,2486.0,0.0,0.0,601.0
0.0,48289.0,2492.0,0.0,0.0,601.0
0.0,48310.0,2509.0,0.0,0.0,601.0
0.0,48322.0,2528.0,0.0,0.0,601.0
0.0,48350.0,2524.0,0.0,0.0,601.0
0.0,48367.0,2532.0,0.0,0.0,601.0
0.0,48406.0,2517.0,0.0,0.0,601.0
0.0,48423.0,2521.0,0.0,0.0,601.0
0.0,48440.0,2524.0,0.0,0.0,601.0
0.0,48474.0,2528.0,0.0,0.0,601.0
0.0,48493.0,2534.0,0.0,0.0,601.0
0.0,48494.0,2533.0,0.0,0.0,601.0
0.0,48548.0,2521.0,0.0,0.0,601.0
0.0,48597.0,2524.0,0.0,0.0,601.0
0.0,48650.0,2518.0,0.0,0.0,601.0
0.0,48696.0,2515.0,0.0,0.0,601.0
0.0,48762.0,2502.0,0.0,0.0,601.0
0.0,48830.0,2486.0,0.0,0.0,601.0
0.0,48874.0,2478.0,0.0,0.0,601.0
0.0,48899.0,2494.0,0.0,0.0,601.0
0.0,48922.0,2506.0,0.0,0.0,601.0
0.0,48967.0,2512.0,0.0,0.0,601.0
0.0,48998.0,2510.0,0.0,0.0,601.0
0.0,49021.0,2519.0,0.0,0.0,601.0
0.0,49047.0,2522.0,0.0,0.0,601.0
0.0,49083.0,2521.0,0.0,0.0,601.0
0.0,49103.0,2528.0,0.0,0.0,601.0
0.0,49149.0,2512.0,0.0,0.0,601.0
0.0,49165.0,2525.0,0.0,0.0,601.0
0.0,49212.0,2511.0,0.0,0.0,601.0
0.0,49226.0,2521.0,0.0,0.0,601.0
0.0,49250.0,2528.0,0.0,0.0,601.0
0.0,49283.0,2525.0,0.0,0.0,601.0
0.0,49312.0,2516.0,0.0,0.0,601.0
0.0,49335.0,2527.0,0.0,0.0,601.0
0.0,49336.0,2526.0,0.0,0.0,601.0
0.0,49383.0,2528.0,0.0,0.0,601.0
0.0,49413.0,2543.0,0.0,0.0,601.0
0.0,49458.0,2540.0,0.0,0.0,601.0
0.0,49497.0,2546.0,0.0,0.0,601.0
0.0,49547.0,2539.0,0.0,0.0,601.0
0.0,49581.0,2554.0,0.0,0.0,601.0
0.0,49634.0,2551.0,0.0,0.0,601.0
0.0,49661.0,2556.0,0.0,0.0,601.0
0.0,49680.0,2573.0,0.0,0.0,601.0
0.0,49712.0,2585.0,0.0,0.0,601.0
0.0,49765.0,2579.0,0.0,0.0,601.0
0.0,49806.0,2590.0,0.0,0.0,601.0
0.0,49831.0,2595.0,0.0,0.0,601.0
0.0,49863.0,2591.0,0.0,0.0,601.0
0.0,49890.0,2596.0,0.0,0.0,601.0
0.0,49905.0,2609.0,0.0,0.0,601.0
0.0,49921.0,2624.0,0.0,0.0,601.0
0.0,49960.0,2617.0,0.0,0.0,601.0
0.0,49991.0,2614.0,0.0,0.0,601.0
0.0,50019.0,2613.0,0.0,0.0,601.0
0.0,50032.0,2617.0,0.0,0.0,601.0
0.0,50037.0,2631.0,0.0,0.0,601.0
0.0,50054.0,2640.0,0.0,0.0,601.0
0.0,50104.0,2636.0,0.0,0.0,601.0
0.0,50148.0,2639.0,0.0,0.0,601.0
0.0,50191.0,2645.0,0.0,0.0,601.0
0.0,50240.0,2649.0,0.0,0.0,601.0
0.0,50275.0,2644.0,0.0,0.0,601.0
0.0,50302.0,2651.0,0.0,0.0,601.0
0.0,50352.0,2650.0,0.0,0.0,601.0
0.0,50395.0,2645.0,0.0,0.0,601.0
0.0,50424.0,2654.0,0.0,0.0,601.0
0.0,50477.0,2646.0,0.0,0.0,601.0
0.0,50517.0,2638.0,0.0,0.0,601.0
0.0,50547.0,2644.0,0.0,0.0,601.0
0.0,50585.0,2646.0,0.0,0.0,601.0
0.0,50636.0,2639.0,0.0,0.0,601.0
0.0,50689.0,2618.0,0.0,0.0,601.0
0.0,50720.0,2628.0,0.0,0.0,601.0
0.0,50747.0,2632.0,0.0,0.0,601.0
0.0,50767.0,2645.0,0.0,0.0,601.0
0.0,50798.0,2643.0,0.0,0.0,601.0
0.0,50832.0,2636.0,0.0,0.0,601.0
0.0,50870.0,2632.0,0.0,0.0,601.0
0.0,50894.0,2629.0,0.0,0.0,601.0
0.0,50919.0,2624.0,0.0,0.0,601.0
0.0,50919.0,2624.0,0.0,0.0,601.0
0.0,50975.0,2612.0,0.0,0.0,601.0
0.0,51029.0,2610.0,0.0,0.0,601.0
0.0,51075.0,2616.0,0.0,0.0,601.0
0.0,51114.0,2616.0,0.0,0.0,601.0
0.0,51150.0,2623.0,0.0,0.0,601.0
0.0,51181.0,2633.0,0.0,0.0,601.0
0.0,51200.0,2642.0,0.0,0.0,601.0
0.0,51251.0,2642.0,0.0,0.0,601.0
0.0,51280.0,2656.0,0.0,0.0,601.0
0.0,51331.0,2642.0,0.0,0.0,601.0
0.0,51366.0,2645.0,0.0,0.0,601.0
0.0,51387.0,2656.0,0.0,0.0,601.0
0.0,51437.0,2645.0,0.0,0.0,601.0
0.0,51470.0,2652.0,0.0,0.0,601.0
0.0,51487.0,2663.0,0.0,0.0,601.0
0.0,51502.0,2678.0,0.0,0.0,601.0
0.0,51537.0,2685.0,0.0,0.0,601.0
0.0,51559.0,2698.0,0.0,0.0,601.0
0.0,51573.0,2705.0,0.0,0.0,601.0
0.0,51582.0,2721.0,0.0,0.0,601.0
0.0,51604.0,2728.0,0.0,0.0,601.0
0.0,51641.0,2724.0,0.0,0.0,601.0
0.0,51674.0,2712.0,0.0,0.0,601.0
0.0,51674.0,2712.0,0.0,0.0,601.0
0.0,51714.0,2713.0,0.0,0.0,601.0
0.0,51761.0,2730.0,0.0,0.0,601.0
0.0,51812.0,2728.0,0.0,0.0,601.0
0.0,51862.0,2720.0,0.0,0.0,601.0
0.0,51886.0,2727.0,0.0,0.0,601.0
0.0,51920.0,2731.0,0.0,0.0,601.0
0.0,51980.0,2716.0,0.0,0.0,601.0
0.0,52013.0,2722.0,0.0,0.0,601.0
0.0,52058.0,2730.0,0.0,0.0,601.0
0.0,52109.0,2724.0,0.0,0.0,601.0
0.0,52141.0,2721.0,0.0,0.0,601.0
0.0,52155.0,2738.0,0.0,0.0,601.0
0.0,52187.0,2742.0,0.0,0.0,601.0
0.0,52229.0,2741.0,0.0,0.0,601.0
0.0,52245.0,2751.0,0.0,0.0,601.0
0.0,52271.0,2754.0,0.0,0.0,601.0
0.0,52312.0,2748.0,0.0,0.0,601.0
0.0,52333.0,2757.0,0.0,0.0,601.0
0.0,52367.0,2754.0,0.0,0.0,601.0
0.0,52382.0,2766.0,0.0,0.0,601.0
0.0,52399.0,2777.0,0.0,0.0,601.0
0.0,52425.0,2780.0,0.0,0.0,601.0
0.0,52460.0,2776.0,0.0,0.0,601.0
0.0,52460.0,2776.0,0.0,0.0,601.0
0.0,52518.0,2774.0,0.0,0.0,601.0
0.0,52548.0,2789.0,0.0,0.0,601.0
0.0,52601.0,2788.0,0.0,0.0,601.0
0.0,52656.0,2778.0,0.0,0.0,601.0
0.0,52691.0,2788.0,0.0,0.0,601.0
0.0,52724.0,2798.0,0.0,0.0,601.0
0.0,52756.0,2799.0,0.0,0.0,601.0
0.0,52771.0,2817.0,0.0,0.0,601.0
0.0,52817.0,2821.0,0.0,0.0,601.0
0.0,52852.0,2826.0,0.0,0.0,601.0
0.0,52874.0,2844.0,0.0,0.0,601.0
0.0,52909.0,2842.0,0.0,0.0,601.0
0.0,52940.0,2843.0,0.0,0.0,601.0
0.0,52959.0,2858.0,0.0,0.0,601.0
0.0,53011.0,2847.0,0.0,0.0,601.0
0.0,53014.0,2869.0,0.0,0.0,601.0
0.0,53060.0,2864.0,0.0,0.0,601.0
0.0,53096.0,2858.0,0.0,0.0,601.0
0.0,53114.0,2868.0,0.0,0.0,601.0
0.0,53141.0,2872.0,0.0,0.0,601.0
0.0,53190.0,2862.0,0.0,0.0,601.0
0.0,53225.0,2857.0,0.0,0.0,601.0
0.0,53241.0,2867.0,0.0,0.0,601.0
0.0,53241.0,2867.0,0.0,0.0,601.0
0.0,53298.0,2859.0,0.0,0.0,601.0
0.0,53360.0,2856.0,0.0,0.0,601.0
0.0,53415.0,2855.0,0.0,0.0,601.0
0.0,53476.0,2839.0,0.0,0.0,601.0
0.0,53503.0,2855.0,0.0,0.0,601.0
0.0,53546.0,2851.0,0.0,0.0,601.0
0.0,53618.0,2827.0,0.0,0.0,601.0
0.0,53664.0,2829.0,0.0,0.0,601.0
0.0,53691.0,2836.0,0.0,0.0,601.0
0.0,53734.0,2830.0,0.0,0.0,601.0
0.0,53765.0,2825.0,0.0,0.0,601.0
0.0,53795.0,2826.0,0.0,0.0,601.0
0.0,53817.0,2839.0,0.0,0.0,601.0
0.0,53872.0,2825.0,0.0,0.0,601.0
0.0,53907.0,2823.0,0.0,0.0,601.0
0.0,53933.0,2824.0,0.0,0.0,601.0
0.0,53963.0,2832.0,0.0,0.0,601.0
0.0,53996.0,2836.0,0.0,0.0,601.0
0.0,54017.0,2836.0,0.0,0.0,601.0
0.0,54042.0,2840.0,0.0,0.0,601.0
0.0,54048.0,2858.0,0.0,0.0,601.0
0.0,54072.0,2861.0,0.0,0.0,601.0
0.0,54082.0,2875.0,0.0,0.0,601.0
0.0,54083.0,2874.0,0.0,0.0,601.0
0.0,54131.0,2876.0,0.0,0.0,601.0
0.0,54180.0,2880.0,0.0,0.0,601.0
0.0,54224.0,2878.0,0.0,0.0,601.0
0.0,54257.0,2886.0,0.0,0.0,601.0
0.0,54290.0,2901.0,0.0,0.0,601.0
0.0,54346.0,2894.0,0.0,0.0,601.0
0.0,54376.0,2909.0,0.0,0.0,601.0
0.0,54427.0,2904.0,0.0,0.0,601.0
0.0,54467.0,2907.0,0.0,0.0,601.0
0.0,54496.0,2915.0,0.0,0.0,601.0
0.0,54515.0,2925.0,0.0,0.0,601.0
0.0,54563.0,2910.0,0.0,0.0,601.0
0.0,54583.0,2929.0,0.0,0.0,601.0
0.0,54620.0,2926.0,0.0,0.0,601.0
0.0,54639.0,2934.0,0.0,0.0,601.0
0.0,54658.0,2942.0,0.0,0.0,601.0
0.0,54707.0,2923.0,0.0,0.0,601.0
0.0,54746.0,2918.0,0.0,0.0,601.0
0.0,54771.0,2928.0,0.0,0.0,601.0
0.0,54801.0,2929.0,0.0,0.0,601.0
0.0,54837.0,2929.0,0.0,0.0,601.0
0.0,54864.0,2930.0,0.0,0.0,601.0
0.0,54880.0,2939.0,0.0,0.0,601.0
0.0,54879.0,2940.0,0.0,0.0,601.0
0.0,54944.0,2924.0,0.0,0.0,601.0
0.0,55002.0,2917.0,0.0,0.0,601.0
0.0,55042.0,2918.0,0.0,0.0,601.0
0.0,55100.0,2913.0,0.0,0.0,601.0
0.0,55119.0,2933.0,0.0,0.0,601.0
0.0,55179.0,2927.0,0.0,0.0,601.0
0.0,55223.0,2928.0,0.0,0.0,601.0
0.0,55267.0,2922.0,0.0,0.0,601.0
0.0,55308.0,2919.0,0.0,0.0,601.0
0.0,55366.0,2911.0,0.0,0.0,601.0
0.0,55384.0,2936.0,0.0,0.0,601.0
0.0,55412.0,2940.0,0.0,0.0,601.0
0.0,55435.0,2957.0,0.0,0.0,601.0
0.0,55451.0,2970.0,0.0,0.0,601.0
0.0,55467.0,2984.0,0.0,0.0,601.0
0.0,55508.0,2979.0,0.0,0.0,601.0
0.0,55520.0,2991.0,0.0,0.0,601.0
0.0,55547.0,2995.0,0.0,0.0,601.0
0.0,55578.0,3003.0,0.0,0.0,601.0
0.0,55593.0,3014.0,0.0,0.0,601.0
0.0,55623.0,3012.0,0.0,0.0,601.0
0.0,55668.0,3007.0,0.0,0.0,601.0
0.0,55697.0,2993.0,0.0,0.0,601.0
0.0,55748.0,2994.0,0.0,0.0,601.0
0.0,55802.0,2988.0,0.0,0.0,601.0
0.0,55843.0,2988.0,0.0,0.0,601.0
0.0,55867.0,3008.0,0.0,0.0,601.0
0.0,55889.0,3018.0,0.0,0.0,601.0
0.0,55918.0,3026.0,0.0,0.0,601.0
0.0,55977.0,3021.0,0.0,0.0,601.0
0.0,56027.0,3014.0,0.0,0.0,601.0
0.0,56059.0,3018.0,0.0,0.0,601.0
0.0,56109.0,3017.0,0.0,0.0,601.0
0.0,56157.0,3008.0,0.0,0.0,601.0
0.0,56205.0,3009.0,0.0,0.0,601.0
0.0,56240.0,3011.0,0.0,0.0,601.0
0.0,56274.0,3016.0,0.0,0.0,601.0
0.0,56300.0,3027.0,0.0,0.0,601.0
0.0,56333.0,3031.0,0.0,0.0,601.0
0.0,56349.0,3043.0,0.0,0.0,601.0
0.0,56364.0,3060.0,0.0,0.0,601.0
0.0,56393.0,3062.0,0.0,0.0,601.0
0.0,56435.0,3063.0,0.0,0.0,601.0
0.0,56451.0,3079.0,0.0,0.0,601.0
0.0,56461.0,3088.0,0.0,0.0,601.0
0.0,56495.0,3088.0,0.0,0.0,601.0
0.0,56494.0,3089.0,0.0,0.0,601.0
0.0,56552.0,3080.0,0.0,0.0,601.0
0.0,56602.0,3076.0,0.0,0.0,601.0
0.0,56661.0,3068.0,0.0,0.0,601.0
0.0,56710.0,3071.0,0.0,0.0,601.0
0.0,56754.0,3081.0,0.0,0.0,601.0
0.0,56804.0,3075.0,0.0,0.0,601.0
0.0,56876.0,3051.0,0.0,0.0,601.0
0.0,56910.0,3059.0,0.0,0.0,601.0
0.0,56943.0,3056.0,0.0,0.0,601.0
0.0,56978.0,3061.0,0.0,0.0,601.0
0.0,57015.0,3070.0,0.0,0.0,601.0
0.0,57060.0,3070.0,0.0,0.0,601.0
0.0,57092.0,3072.0,0.0,0.0,601.0
0.0,57135.0,3067.0,0.0,0.0,601.0
0.0,57153.0,3078.0,0.0,0.0,601.0
0.0,57167.0,3099.0,0.0,0.0,601.0
0.0,57212.0,3104.0,0.0,0.0,601.0
0.0,57234.0,3112.0,0.0,0.0,601.0
0.0,57259.0,3118.0,0.0,0.0,601.0
0.0,57287.0,3115.0,0.0,0.0,601.0
0.0,57313.0,3114.0,0.0,0.0,601.0
0.0,57340.0,3107.0,0.0,0.0,601.0
0.0,57378.0,3099.0,0.0,0.0,601.0
0.0,57378.0,3099.0,0.0,0.0,601.0
0.0,57410.0,3111.0,0.0,0.0,601.0
0.0,57456.0,3112.0,0.0,0.0,601.0
0.0,57496.0,3118.0,0.0,0.0,601.0
0.0,57544.0,3112.0,0.0,0.0,601.0
0.0,57590.0,3111.0,0.0,0.0,601.0
0.0,57628.0,3114.0,0.0,0.0,601.0
0.0,57672.0,3120.0,0.0,0.0,601.0
0.0,57707.0,3132.0,0.0,0.0,601.0
0.0,57737.0,3145.0,0.0,0.0,601.0
0.0,57768.0,3150.0,0.0,0.0,601.0
0.0,57792.0,3158.0,0.0,0.0,601.0
0.0,57810.0,3182.0,0.0,0.0,601.0
0.0,57841.0,3190.0,0.0,0.0,601.0
0.0,57872.0,3204.0,0.0,0.0,601.0
0.0,57883.0,3219.0,0.0,0.0,601.0
0.0,57919.0,3226.0,0.0,0.0,601.0
0.0,57953.0,3228.0,0.0,0.0,601.0
0.0,57984.0,3237.0,0.0,0.0,601.0
0.0,58019.0,3243.0,0.0,0.0,601.0
0.0,58041.0,3246.0,0.0,0.0,601.0
0.0,58069.0,3249.0,0.0,0.0,601.0
0.0,58097.0,3240.0,0.0,0.0,601.0
0.0,58125.0,3245.0,0.0,0.0,601.0
0.0,58125.0,3245.0,0.0,0.0,601.0
0.0,58189.0,3226.0,0.0,0.0,601.0
0.0,58228.0,3228.0,0.0,0.0,601.0
0.0,58279.0,3229.0,0.0,0.0,601.0
0.0,58321.0,3229.0,0.0,0.0,601.0
0.0,58373.0,3230.0,0.0,0.0,601.0
0.0,58425.0,3233.0,0.0,0.0,601.0
0.0,58480.0,3231.0,0.0,0.0,601.0
0.0,58524.0,3237.0,0.0,0.0,601.0
0.0,58561.0,3239.0,0.0,0.0,601.0
0.0,58597.0,3244.0,0.0,0.0,601.0
0.0,58629.0,3256.0,0.0,0.0,601.0
0.0,58656.0,3266.0,0.0,0.0,601.0
0.0,58690.0,3273.0,0.0,0.0,601.0
0.0,58732.0,3271.0,0.0,0.0,601.0
0.0,58750.0,3287.0,0.0,0.0,601.0
0.0,58790.0,3269.0,0.0,0.0,601.0
0.0,58836.0,3255.0,0.0,0.0,601.0
0.0,58856.0,3261.0,0.0,0.0,601.0
0.0,58882.0,3259.0,0.0,0.0,601.0
0.0,58924.0,3243.0,0.0,0.0,601.0
0.0,58951.0,3249.0,0.0,0.0,601.0
0.0,58983.0,3250.0,0.0,0.0,601.0
0.0,59010.0,3248.0,0.0,0.0,601.0
0.0,59011.0,3247.0,0.0,0.0,601.0
0.0,59076.0,3239.0,0.0,0.0,601.0
0.0,59131.0,3235.0,0.0,0.0,601.0
0.0,59153.0,3248.0,0.0,0.0,601.0
0.0,59181.0,3263.0,0.0,0.0,601.0
0.0,59227.0,3274.0,0.0,0.0,601.0
0.0,59272.0,3272.0,0.0,0.0,601.0
0.0,59330.0,3256.0,0.0,0.0,601.0
0.0,59382.0,3253.0,0.0,0.0,601.0
0.0,59426.0,3251.0,0.0,0.0,601.0
0.0,59469.0,3250.0,0.0,0.0,601.0
0.0,59499.0,3256.0,0.0,0.0,601.0
0.0,59526.0,3271.0,0.0,0.0,601.0
0.0,59541.0,3294.0,0.0,0.0,601.0
0.0,59559.0,3310.0,0.0,0.0,601.0
0.0,59599.0,3311.0,0.0,0.0,601.0
0.0,59604.0,3348.0,0.0,0.0,601.0
0.0,59629.0,3353.0,0.0,0.0,601.0
0.0,59653.0,3361.0,0.0,0.0,601.0
0.0,59680.0,3361.0,0.0,0.0,601.0
0.0,59702.0,3379.0,0.0,0.0,601.0
0.0,59735.0,3378.0,0.0,0.0,601.0
0.0,59752.0,3393.0,0.0,0.0,601.0
0.0,59773.0,3393.0,0.0,0.0,601.0
0.0,59801.0,3415.0,0.0,0.0,601.0
0.0,59856.0,3416.0,0.0,0.0,601.0
0.0,59925.0,3400.0,0.0,0.0,601.0
0.0,59950.0,3419.0,0.0,0.0,601.0
0.0,60034.0,3391.0,0.0,0.0,601.0
0.0,60068.0,3407.0,0.0,0.0,601.0
0.0,60111.0,3412.0,0.0,0.0,601.0
0.0,60130.0,3433.0,0.0,0.0,601.0
0.0,60157.0,3442.0,0.0,0.0,601.0
0.0,60185.0,3454.0,0.0,0.0,601.0
0.0,60240.0,3454.0,0.0,0.0,601.0
0.0,60276.0,3448.0,0.0,0.0,601.0
0.0,60315.0,3441.0,0.0,0.0,601.0
0.0,60333.0,3453.0,0.0,0.0,601.0
0.0,60343.0,3466.0,0.0,0.0,601.0
0.0,60374.0,3469.0,0.0,0.0,601.0
0.0,60416.0,3469.0,0.0,0.0,601.0
0.0,60455.0,3470.0,0.0,0.0,601.0
0.0,60482.0,3483.0,0.0,0.0,601.0
0.0,60533.0,3459.0,0.0,0.0,601.0
0.0,60545.0,3471.0,0.0,0.0,601.0
0.0,60569.0,3471.0,0.0,0.0,601.0
0.0,60606.0,3465.0,0.0,0.0,601.0
0.0,60606.0,3465.0,0.0,0.0,601.0
0.0,60651.0,3457.0,0.0,0.0,601.0
0.0,60718.0,3448.0,0.0,0.0,601.0
0.0,60795.0,3437.0,0.0,0.0,601.0
0.0,60867.0,3421.0,0.0,0.0,601.0
0.0,60908.0,3428.0,0.0,0.0,601.0
0.0,60948.0,3430.0,0.0,0.0,601.0
0.0,60985.0,3427.0,0.0,0.0,601.0
0.0,61025.0,3438.0,0.0,0.0,601.0
0.0,61038.0,3463.0,0.0,0.0,601.0
0.0,61078.0,3473.0,0.0,0.0,601.0
0.0,61126.0,3469.0,0.0,0.0,601.0
0.0,61171.0,3468.0,0.0,0.0,601.0
0.0,61189.0,3484.0,0.0,0.0,601.0
0.0,61224.0,3486.0,0.0,0.0,601.0
0.0,61257.0,3482.0,0.0,0.0,601.0
0.0,61300.0,3474.0,0.0,0.0,601.0
0.0,61342.0,3466.0,0.0,0.0,601.0
0.0,61400.0,3447.0,0.0,0.0,601.0
0.0,61421.0,3456.0,0.0,0.0,601.0
0.0,61468.0,3443.0,0.0,0.0,601.0
0.0,61496.0,3443.0,0.0,0.0,601.0
0.0,61531.0,3434.0,0.0,0.0,601.0
0.0,61543.0,3455.0,0.0,0.0,601.0
0.0,61543.0,3455.0,0.0,0.0,601.0
0.0,61590.0,3466.0,0.0,0.0,601.0
0.0,61647.0,3469.0,0.0,0.0,601.0
0.0,61683.0,3496.0,0.0,0.0,601.0
0.0,61741.0,3489.0,0.0,0.0,601.0
0.0,61785.0,3494.0,0.0,0.0,601.0
0.0,61818.0,3498.0,0.0,0.0,601.0
0.0,61870.0,3494.0,0.0,0.0,601.0
0.0,61926.0,3486.0,0.0,0.0,601.0
0.0,61951.0,3503.0,0.0,0.0,601.0
0.0,61990.0,3506.0,0.0,0.0,601.0
0.0,62002.0,3534.0,0.0,0.0,601.0
0.0,62036.0,3541.0,0.0,0.0,601.0
0.0,62090.0,3535.0,0.0,0.0,601.0
0.0,62122.0,3540.0,0.0,0.0,601.0
0.0,62146.0,3551.0,0.0,0.0,601.0
0.0,62162.0,3562.0,0.0,0.0,601.0
0.0,62168.0,3583.0,0.0,0.0,601.0
0.0,62187.0,3594.0,0.0,0.0,601.0
0.0,62202.0,3605.0,0.0,0.0,601.0
0.0,62243.0,3602.0,0.0,0.0,601.0
0.0,62263.0,3617.0,0.0,0.0,601.0
0.0,62266.0,3634.0,0.0,0.0,601.0
0.0,62287.0,3636.0,0.0,0.0,601.0
0.0,62287.0,3636.0,0.0,0.0,601.0
0.0,62338.0,3646.0,0.0,0.0,601.0
0.0,62392.0,3643.0,0.0,0.0,601.0
0.0,62439.0,3638.0,0.0,0.0,601.0
0.0,62469.0,3657.0,0.0,0.0,601.0
0.0,62513.0,3661.0,0.0,0.0,601.0
0.0,62572.0,3650.0,0.0,0.0,601.0
0.0,62599.0,3664.0,0.0,0.0,601.0
0.0,62650.0,3660.0,0.0,0.0,601.0
0.0,62702.0,3649.0,0.0,0.0,601.0
0.0,62748.0,3654.0,0.0,0.0,601.0
0.0,62774.0,3668.0,0.0,0.0,601.0
0.0,62823.0,3654.0,0.0,0.0,601.0
0.0,62865.0,3656.0,0.0,0.0,601.0
0.0,62899.0,3652.0,0.0,0.0,601.0
0.0,62931.0,3652.0,0.0,0.0,601.0
0.0,62957.0,3661.0,0.0,0.0,601.0
0.0,62971.0,3688.0,0.0,0.0,601.0
0.0,63022.0,3682.0,0.0,0.0,601.0
0.0,63064.0,3679.0,0.0,0.0,601.0
0.0,63107.0,3674.0,0.0,0.0,601.0
0.0,63139.0,3664.0,0.0,0.0,601.0
0.0,63181.0,3649.0,0.0,0.0,601.0
0.0,63201.0,3657.0,0.0,0.0,601.0
0.0,63201.0,3657.0,0.0,0.0,601.0
0.0,63240.0,3672.0,0.0,0.0,601.0
0.0,63305.0,3660.0,0.0,0.0,601.0
0.0,63345.0,3662.0,0.0,0.0,601.0
0.0,63372.0,3688.0,0.0,0.0,601.0
0.0,63446.0,3670.0,0.0,0.0,601.0
0.0,63479.0,3698.0,0.0,0.0,601.0
0.0,63507.0,3709.0,0.0,0.0,601.0
0.0,63541.0,3723.0,0.0,0.0,601.0
0.0,63585.0,3726.0,0.0,0.0,601.0
0.0,63631.0,3731.0,0.0,0.0,601.0
0.0,63638.0,3762.0,0.0,0.0,601.0
0.0,63673.0,3766.0,0.0,0.0,601.0
0.0,63701.0,3770.0,0.0,0.0,601.0
0.0,63731.0,3773.0,0.0,0.0,601.0
0.0,63787.0,3749.0,0.0,0.0,601.0
0.0,63829.0,3756.0,0.0,0.0,601.0
0.0,63855.0,3761.0,0.0,0.0,601.0
0.0,63865.0,3778.0,0.0,0.0,601.0
0.0,63892.0,3781.0,0.0,0.0,601.0
0.0,63911.0,3799.0,0.0,0.0,601.0
0.0,63912.0,3823.0,0.0,0.0,601.0
0.0,63911.0,3856.0,0.0,0.0,601.0
0.0,63933.0,3857.0,0.0,0.0,601.0
0.0,63992.0,3858.0,0.0,0.0,601.0
0.0,64047.0,3863.0,0.0,0.0,601.0
0.0,64091.0,3872.0,0.0,0.0,601.0
0.0,64151.0,3866.0,0.0,0.0,601.0
0.0,64172.0,3880.0,0.0,0.0,601.0
0.0,64251.0,3860.0,0.0,0.0,601.0
0.0,64288.0,3873.0,0.0,0.0,601.0
0.0,64349.0,3859.0,0.0,0.0,601.0
0.0,64384.0,3862.0,0.0,0.0,601.0
0.0,64409.0,3881.0,0.0,0.0,601.0
0.0,64455.0,3886.0,0.0,0.0,601.0
0.0,64482.0,3902.0,0.0,0.0,601.0
0.0,64535.0,3895.0,0.0,0.0,601.0
0.0,64582.0,3891.0,0.0,0.0,601.0
0.0,64614.0,3890.0,0.0,0.0,601.0
0.0,64658.0,3884.0,0.0,0.0,601.0
0.0,64694.0,3888.0,0.0,0.0,601.0
0.0,64722.0,3884.0,0.0,0.0,601.0
0.0,64734.0,3898.0,0.0,0.0,601.0
0.0,64772.0,3888.0,0.0,0.0,601.0
0.0,64786.0,3904.0,0.0,0.0,601.0
0.0,64791.0,3925.0,0.0,0.0,601.0
0.0,64821.0,3924.0,0.0,0.0,601.0
0.0,64821.0,3924.0,0.0,0.0,601.0
0.0,64876.0,3912.0,0.0,0.0,601.0
0.0,64914.0,3933.0,0.0,0.0,601.0
0.0,64977.0,3931.0,0.0,0.0,601.0
0.0,65001.0,3947.0,0.0,0.0,601.0
0.0,65030.0,3969.0,0.0,0.0,601.0
0.0,65068.0,3973.0,0.0,0.0,601.0
0.0,65128.0,3967.0,0.0,0.0,601.0
0.0,65186.0,3962.0,0.0,0.0,601.0
0.0,65212.0,3981.0,0.0,0.0,601.0
0.0,65235.0,3996.0,0.0,0.0,601.0
0.0,65279.0,4000.0,0.0,0.0,601.0
0.0,65315.0,4012.0,0.0,0.0,601.0
0.0,65346.0,4031.0,0.0,0.0,601.0
0.0,65375.0,4044.0,0.0,0.0,601.0
0.0,65403.0,4042.0,0.0,0.0,601.0
0.0,65417.0,4064.0,0.0,0.0,601.0
0.0,65449.0,4062.0,0.0,0.0,601.0
0.0,65476.0,4079.0,0.0,0.0,601.0
0.0,65496.0,4086.0,0.0,0.0,601.0
0.0,65521.0,4083.0,0.0,0.0,601.0
0.0,65541.0,4093.0,0.0,0.0,601.0
0.0,65552.0,4110.0,0.0,0.0,601.0
0.0,65565.0,4124.0,0.0,0.0,601.0
0.0,65565.0,4124.0,0.0,0.0,601.0
0.0,65631.0,4128.0,0.0,0.0,601.0
0.0,65687.0,4128.0,0.0,0.0,601.0
0.0,65737.0,4131.0,0.0,0.0,601.0
0.0,65794.0,4122.0,0.0,0.0,601.0
0.0,65840.0,4125.0,0.0,0.0,601.0
0.0,65870.0,4142.0,0.0,0.0,601.0
0.0,65918.0,4142.0,0.0,0.0,601.0
0.0,65946.0,4153.0,0.0,0.0,601.0
0.0,65997.0,4158.0,0.0,0.0,601.0
0.0,66036.0,4150.0,0.0,0.0,601.0
0.0,66099.0,4136.0,0.0,0.0,601.0
0.0,66141.0,4139.0,0.0,0.0,601.0
0.0,66168.0,4156.0,0.0,0.0,601.0
0.0,66180.0,4173.0,0.0,0.0,601.0
0.0,66208.0,4183.0,0.0,0.0,601.0
0.0,66264.0,4160.0,0.0,0.0,601.0
0.0,66283.0,4177.0,0.0,0.0,601.0
0.0,66318.0,4178.0,0.0,0.0,601.0
0.0,66331.0,4192.0,0.0,0.0,601.0
0.0,66372.0,4184.0,0.0,0.0,601.0
0.0,66392.0,4190.0,0.0,0.0,601.0
0.0,66436.0,4175.0,0.0,0.0,601.0
0.0,66462.0,4190.0,0.0,0.0,601.0
0.0,66462.0,4190.0,0.0,0.0,601.0
0.0,66523.0,4188.0,0.0,0.0,601.0
0.0,66576.0,4179.0,0.0,0.0,601.0
0.0,66629.0,4181.0,0.0,0.0,601.0
0.0,66684.0,4183.0,0.0,0.0,601.0
0.0,66729.0,4204.0,0.0,0.0,601.0
0.0,66767.0,4216.0,0.0,0.0,601.0
0.0,66811.0,4214.0,0.0,0.0,601.0
0.0,66864.0,4210.0,0.0,0.0,601.0
0.0,66901.0,4209.0,0.0,0.0,601.0
0.0,66944.0,4205.0,0.0,0.0,601.0
0.0,66995.0,4196.0,0.0,0.0,601.0
0.0,67040.0,4198.0,0.0,0.0,601.0
0.0,67068.0,4209.0,0.0,0.0,601.0
0.0,67111.0,4205.0,0.0,0.0,601.0
0.0,67140.0,4219.0,0.0,0.0,601.0
0.0,67150.0,4242.0,0.0,0.0,601.0
0.0,67171.0,4246.0,0.0,0.0,601.0
0.0,67190.0,4263.0,0.0,0.0,601.0
0.0,67231.0,4257.0,0.0,0.0,601.0
0.0,67244.0,4277.0,0.0,0.0,601.0
0.0,67272.0,4285.0,0.0,0.0,601.0
0.0,67314.0,4280.0,0.0,0.0,601.0
0.0,67331.0,4291.0,0.0,0.0,601.0
0.0,67333.0,4289.0,0.0,0.0,601.0
0.0,67381.0,4294.0,0.0,0.0,601.0
0.0,67431.0,4296.0,0.0,0.0,601.0
0.0,67493.0,4290.0,0.0,0.0,601.0
0.0,67540.0,4289.0,0.0,0.0,601.0
0.0,67562.0,4311.0,0.0,0.0,601.0
0.0,67631.0,4288.0,0.0,0.0,601.0
0.0,67709.0,4281.0,0.0,0.0,601.0
0.0,67770.0,4268.0,0.0,0.0,601.0
0.0,67790.0,4291.0,0.0,0.0,601.0
0.0,67825.0,4294.0,0.0,0.0,601.0
0.0,67862.0,4303.0,0.0,0.0,601.0
0.0,67886.0,4311.0,0.0,0.0,601.0
0.0,67902.0,4342.0,0.0,0.0,601.0
0.0,67947.0,4345.0,0.0,0.0,601.0
0.0,67977.0,4352.0,0.0,0.0,601.0
0.0,68007.0,4362.0,0.0,0.0,601.0
0.0,68037.0,4371.0,0.0,0.0,601.0
0.0,68058.0,4394.0,0.0,0.0,601.0
0.0,68075.0,4415.0,0.0,0.0,601.0
0.0,68099.0,4424.0,0.0,0.0,601.0
0.0,68127.0,4428.0,0.0,0.0,601.0
0.0,68130.0,4449.0,0.0,0.0,601.0
0.0,68159.0,4449.0,0.0,0.0,601.0
0.0,68160.0,4448.0,0.0,0.0,601.0
0.0,68208.0,4456.0,0.0,0.0,601.0
0.0,68265.0,4449.0,0.0,0.0,601.0
0.0,68306.0,4449.0,0.0,0.0,601.0
0.0,68356.0,4452.0,0.0,0.0,601.0
0.0,68390.0,4456.0,0.0,0.0,601.0
0.0,68450.0,4447.0,0.0,0.0,601.0
0.0,68520.0,4430.0,0.0,0.0,601.0
0.0,68573.0,4435.0,0.0,0.0,601.0
0.0,68614.0,4440.0,0.0,0.0,601.0
0.0,68677.0,4428.0,0.0,0.0,601.0
0.0,68715.0,4440.0,0.0,0.0,601.0
0.0,68745.0,4448.0,0.0,0.0,601.0
0.0,68776.0,4459.0,0.0,0.0,601.0
0.0,68809.0,4465.0,0.0,0.0,601.0
0.0,68844.0,4473.0,0.0,0.0,601.0
0.0,68894.0,4467.0,0.0,0.0,601.0
0.0,68921.0,4475.0,0.0,0.0,601.0
0.0,68962.0,4477.0,0.0,0.0,601.0
0.0,68956.0,4508.0,0.0,0.0,601.0
0.0,68982.0,4520.0,0.0,0.0,601.0
0.0,69011.0,4519.0,0.0,0.0,601.0
0.0,69052.0,4511.0,0.0,0.0,601.0
0.0,69063.0,4526.0,0.0,0.0,601.0
0.0,69125.0,4534.0,0.0,0.0,601.0
0.0,69163.0,4543.0,0.0,0.0,601.0
0.0,69245.0,4536.0,0.0,0.0,601.0
0.0,69292.0,4544.0,0.0,0.0,601.0
0.0,69350.0,4543.0,0.0,0.0,601.0
0.0,69372.0,4557.0,0.0,0.0,601.0
0.0,69405.0,4555.0,0.0,0.0,601.0
0.0,69423.0,4591.0,0.0,0.0,601.0
0.0,69464.0,4601.0,0.0,0.0,601.0
0.0,69509.0,4601.0,0.0,0.0,601.0
0.0,69551.0,4603.0,0.0,0.0,601.0
0.0,69582.0,4619.0,0.0,0.0,601.0
0.0,69597.0,4638.0,0.0,0.0,601.0
0.0,69603.0,4676.0,0.0,0.0,601.0
0.0,69631.0,4683.0,0.0,0.0,601.0
0.0,69672.0,4681.0,0.0,0.0,601.0
0.0,69690.0,4692.0,0.0,0.0,601.0
0.0,69729.0,4695.0,0.0,0.0,601.0
0.0,69752.0,4694.0,0.0,0.0,601.0
0.0,69774.0,4696.0,0.0,0.0,601.0
0.0,69788.0,4716.0,0.0,0.0,601.0
0.0,69810.0,4726.0,0.0,0.0,601.0
0.0,69828.0,4734.0,0.0,0.0,601.0
0.0,69827.0,4735.0,0.0,0.0,601.0
0.0,69876.0,4749.0,0.0,0.0,601.0
0.0,69947.0,4731.0,0.0,0.0,601.0
0.0,69990.0,4740.0,0.0,0.0,601.0
0.0,70043.0,4734.0,0.0,0.0,601.0
0.0,70078.0,4748.0,0.0,0.0,601.0
0.0,70109.0,4773.0,0.0,0.0,601.0
0.0,70173.0,4774.0,0.0,0.0,601.0
0.0,70224.0,4777.0,0.0,0.0,601.0
0.0,70263.0,4782.0,0.0,0.0,601.0
0.0,70330.0,4763.0,0.0,0.0,601.0
0.0,70353.0,4781.0,0.0,0.0,601.0
0.0,70414.0,4766.0,0.0,0.0,601.0
0.0,70418.0,4804.0,0.0,0.0,601.0
0.0,70457.0,4803.0,0.0,0.0,601.0
0.0,70480.0,4817.0,0.0,0.0,601.0
0.0,70518.0,4808.0,0.0,0.0,601.0
0.0,70531.0,4836.0,0.0,0.0,601.0
0.0,70551.0,4857.0,0.0,0.0,601.0
0.0,70584.0,4856.0,0.0,0.0,601.0
0.0,70610.0,4862.0,0.0,0.0,601.0
0.0,70619.0,4882.0,0.0,0.0,601.0
0.0,70639.0,4888.0,0.0,0.0,601.0
0.0,70643.0,4912.0,0.0,0.0,601.0
0.0,70640.0,4915.0,0.0,0.0,601.0
0.0,70675.0,4938.0,0.0,0.0,601.0
0.0,70746.0,4927.0,0.0,0.0,601.0
0.0,70793.0,4928.0,0.0,0.0,601.0
0.0,70853.0,4925.0,0.0,0.0,601.0
0.0,70919.0,4915.0,0.0,0.0,601.0
0.0,70957.0,4924.0,0.0,0.0,601.0
0.0,71008.0,4921.0,0.0,0.0,601.0
0.0,71043.0,4939.0,0.0,0.0,601.0
0.0,71090.0,4936.0,0.0,0.0,601.0
0.0,71124.0,4946.0,0.0,0.0,601.0
0.0,71185.0,4932.0,0.0,0.0,601.0
0.0,71245.0,4912.0,0.0,0.0,601.0
0.0,71278.0,4917.0,0.0,0.0,601.0
0.0,71327.0,4923.0,0.0,0.0,601.0
0.0,71361.0,4920.0,0.0,0.0,601.0
0.0,71390.0,4927.0,0.0,0.0,601.0
0.0,71438.0,4922.0,0.0,0.0,601.0
0.0,71488.0,4913.0,0.0,0.0,601.0
0.0,71530.0,4909.0,0.0,0.0,601.0
0.0,71551.0,4917.0,0.0,0.0,601.0
0.0,71572.0,4930.0,0.0,0.0,601.0
0.0,71590.0,4942.0,0.0,0.0,601.0
0.0,71610.0,4951.0,0.0,0.0,601.0
